"S. No."#"Name of District Consumer Commission"#"Address of the District Consumer Commission"#"Contact Number"     
  "Andaman & Nicobar Islands"    
 1#"Andaman & Nicobar       District Consumer Disputes Redressal Commission   "#"--"#"03192 – 236616"
"Andhra Pradesh"  
 1#"Ananthapuramu District Consumer Disputes Redressal Commission"#"District Court Premises,  Anantapuramu – 515001"#"08554 – 220893"    
 2#"Chittoor–I District Consumer Disputes Redressal Commission-I"#"District Court Compound,  Prakasam High Road,  Chittoor – 517001"#"08572 – 233577"    
 3#"Chittoor–II at Tirupathi District Consumer Disputes Redressal Commission-II"#"D. No.6-153/1, 4th Floor,  TTD New By Pass Road,  Near M. R. Palle Police  Station, Tirupathi – 517507  District Chittoor"#"0877 – 2246744"    
 4#"East Godavari-I at Kakinada District Consumer Disputes Redressal Commission"#"District Court Compound,  Kacheripeta, Opp to CPM  Office, Kakinada – 533001  E.G. District"#"0884 – 2378821"    
 5#"East Godavari-II at Rajahmundry District Consumer Disputes Redressal Commission"#"Magistrate Court Compound,  Opp to III Town Police  Station, Aryapuram,  Rajahmundry – 533104,  East Godavari District"#"0883 – 2467288"    
 6#"Guntur District                            Consumer Disputes Redressal Commission"#"District Court Compound,  Nagarampallem,  Guntur-522004"#"0863 – 2241500"    
 7#"Kadapa District  Consumer Disputes Redressal Commission"#"Old Collectorate Compound,  Y.S.R. (Kadapa) – 516001   "#"08562 – 247201"    
 8#"Krishna –I at Machilipatnam District Consumer Disputes  Redressal Commission-I"#"Near Pinamaneni Teachers  Guild Association, Edepally,  Machilipatnam – 521001  Krishna District   "#"08672 -229832"    
 9#"Krishna-II at Vijayawada District Consumer Disputes Redressal Commission-II"#"Near Civil Courts,  Beside A. S. Rama Rao Hall,  Governorpet,  Vijayawada-520002  Krishna District"#"0866 – 2573161"    
 10#"Kurnool District  Consumer Disputes Redressal Commission"#"Munsif Court Compound,  Near Sai Baba Temple  Kurnool – 518001   "#"08518 – 245688"    
 11#"SPSR Nellore District Consumer Disputes  Redressal Commission"#"Golden Jubilee Bhavan,  Collectorate Compound,  SPSR Nellore - 524001"#"0861 – 2337063"    
 12#"Prakasam at Ongole District Consumer Disputes Redressal Commission Gadalaguntapalem"#"Opp. : SSN Junior College,  Beside Traffic Police Station  Layer Pet Extension,  Ongole – 523002  Prakasam District"#"08592 – 231292"    
 13#"Srikakulam District Consumer Disputes Redressal Commission"#"District Court Complex,  Opp to RTC Complex,  Srikakulam – 532001"#"08942 - 224468"    
 14#"Visakhapatnam-I District Consumer Disputes Redressal Commission-I   "#"D. No.29-45-2/1, 1st& 2nd  Floors, Old SVI Colony,  Opposite District Court  Building, Visakhapatnam-530001"#"0891 – 2746026"    
 15#"Visakhapatnam-II District Consumer Disputes Redressal Commission-II"#"D. No.29-45-2/1, 1st& 2nd  Floors, Old SVI Colony,  Opposite District Court  Building, Visakhapatnam-530001"#"0891-2734128"    
 16#"Vizianagaram District Consumer Disputes Redressal Commission"#"Pradeepnagar, Near  District Court Complex,  Vizianagaram - 535202"#"08922 – 221640"    
 17#"West Godavari at Eluru District Consumer Disputes Redressal Commission"#"District Court Premises,  Eluru – 515001,  W.G. District"#"08812 – 239670"
"Arunachal Pradesh"    
 1#"Tawang District  Commission"#"Department of Legal Metrology & Consumer Affairs  Tawang District,                                                 Arunachal Pradesh – 790104"#"03794 - 222221"    
 2#"East Kameng District Consumer Disputes Redressal Commission   "#"Legal Metrology            & Consumer Affairs,  East Kameng District,  Bomdila – 790102"#"03787 - 222576"    
 3#"West Kameng District  Commission"#"Legal Metrology & Consumer Affairs,  West Kameng District,  Bomdila – 790001"#"03782 - 222021           "    
 4#"Papum pare District Consumer Disputes Redressal Commission   "#"Legal Metrology            & Consumer Affairs,  Papum pare District,  Yupia – 791110"#"--"    
 5#"Lower Subansiri District Consumer Disputes Redressal Commission"#"Legal Metrologysumer Affairs,  Lower Subansiri District,  Ziro – 791120"#"03788 – 224255"    
 6#"Upper Subansiri District Consumer Disputes Redressal Commission   "#"Legal Metrology            & Consumer Affairs,  Upper Subansiri District,  Daporijo – 791122"#"03792-223223"    
 7#"West Siang District Consumer Disputes Redressal Commission   "#"Legal Metrology & Consumer Affairs,  West Siang District,  Aalo – 791001"#"03783-222221"    
 8#"Kurung Kumey District  Commission   "#"Deputy Commissioner Office  Kurung Kumey District,  Koloriang-791118"#"03788 - 262231"    
 9#"East Siang District Consumer Disputes Redressal Commission   "#"Legal Metrology & Consumer Affairs  East Siang District,  Pasighat – 791102"#"0368 - 2222340"    
 10#"Upper Siang District Consumer Disputes Redressal Commission   "#"Deputy Commissioner Office,  Yingkiong – 791002"#"03777 - 222221           "    
 11#"Lower Dlbang Valley District Consumer Disputes Redressal Commission"#"Legal Metrology & Consumer Affairs  Lower Dlbang Valley District,  Roing – 792110"#"03803 - 222223"    
 12#"Lohit District Consumer Disputes Redressal Commission"#"Legal Metrology            & Consumer Affairs  Lohit District,  Tezu – 792001"#"03804 – 224485"    
 13#"Changlang District Consumer Disputes Redressal Commission"#"Legal Metrology & Consumer Affairs,  Changlang District,  Changlang – 792120"#"03808-222221"    
 14#"Tirap District Consumer Disputes Redressal Commission"#"Legal Metrology & Consumer Affairs,  Tirap District,  Khonsa – 792130"#"03786-222222"    
 15#"Namsai District Consumer Disputes Redressal Commission "#"Legal Metrology & Consumer Affairs,  Namsai District,  Namsai  – 792103"#"03806-262228"    
 16#"Anjaw District Consumer Disputes Redressal Commission"#"Deputy Commissioner Office,  Anjaw District,  Hawai – 792104"#"--"   
"Assam"    
 1#"Barpeta District Consumer Disputes Redressal Commission"#"P.O. & District Barpeta - 781301"#"03665-252223"    
 2#"Bongaigaon District Consumer Disputes Redressal Commission"#"P.O. & District Bongaigaon"#"03664-221060"    
 3#"Cachar District Consumer Disputes Redressal Commission"#"Kalimohan Road, Tarapur, Silchar -788003"#"03842-232597"    
 4#"Darrang District Consumer Disputes Redressal Commission"#"P.O. Mongaldoi, District Darrang"#"03713-222238"    
 5#"Dhemaji District Consumer Disputes Redressal Commission"#"P.O. & District Dhemaji"#"037532-224213"    
 6#"Dhubri District Consumer Disputes Redressal Commission"#"P.O. & District Dhubri - 783301"#"03662-230024"    
 7#"Dibrugarh District Consumer Disputes Redressal Commission"#"P.O. & District Dibrugarh"#"0373-95712"    
 8#"Goalpara District Consumer Disputes Redressal Commission"#"P.O. & District Goalpara - 783101"#"03663-243075"    
 9#"Golaghat District Consumer Disputes Redressal Commission"#"P.O. & District Golaghat - 785621"#"03774-2480072"    
 10#"Hailakandi District Consumer Disputes Redressal Commission"#"P.O. & District Hailakandi"#"03844-222719"    
 11#"Jorhat District Consumer Disputes Redressal Commission"#"District Jorhat - 785001"#"0376-2371414"    
 12#"Kamrup District Consumer Disputes Redressal Commission"#"Redcross Hospital Road, Chandmari Guwahati 3"#"0361-2668616"    
 13#"Karbi-Anglong District Consumer Disputes Redressal Commission"#"P.O. : Diphu, District Karbi-Anglong"#"03671-"    
 14#"Karimganj District Consumer Disputes Redressal Commission"#"P.O. & District Karimganj"#"03843-262636"    
 15#"Kokrajhar District Consumer Disputes Redressal Commission"#"P.O. & District Kokrajhar - 783370"#"03661-271188"    
 16#"Morigaon District Consumer Disputes Redressal Commission"#"P.O. & District Morigaon"#"03678-240311"    
 17#"N. C. Hills District Consumer Disputes Redressal Commission"#"Haflong - 788819"#"03673-236222"    
 18#"Nagaon District Consumer Disputes Redressal Commission"#"G.N.B. Road, Fouzdaripatty  P.O. & District Nagaon - 782001"#"03372-231144"    
 19#"Nalbari District Consumer Disputes Redressal Commission"#"P.O. & District Nalbari"#"03624-222884"    
 20#"North Lakhimpur District Consumer Disputes Redressal Commission"#"P.O. & District North Lakhimpur"#"03752-222337"    
 21#"Sivsagar District Consumer Disputes Redressal Commission"#"P.O. & District Sivsagar"#"03772-222903"    
 22#"Sonitpur District Consumer Disputes Redressal Commission"#"P.O. Tezpur - District Sonitpur"#"03712-957112, 231431"    
 23#"Tinsukia District Consumer Disputes Redressal Commission"#"P.O. – Borguri, District Tinsukia -   786126"#"0374-2331258"     
 "Bihar"   
 1#"Araria District Consumer  Disputes Redressal Commission"#"Collectorate Campus,  Araria - 854311"#"06453-224421"    
 2#"Arwal District Consumer  Disputes Redressal Commission"#"Block Compound                       Arwal -  804401"#"06337-229006"    
 3#"Aurangabad District Consumer Disputes Redressal Commission"#"Collectorate Compound              Aurangabad   "#"06186-223297"    
 4#"Banka District Consumer Commission"#"Collectorate Compound, Banka – 813102"#"06424-233613"    
 5#"Begusarai District Consumer Commission"#"Vikas Bhawan, Begusarai"#"06243-210678"    
 6#"Bettiah District Consumer Commission"#"Collectorate Compound, West Champaran, Bettiah-845438"#"06254-247184"    
 7#"Bhagalpur District Consumer Disputes Redressal Commission"#"Beside Collectorate,  Bhagalpur - 812001"#"06412-403419"    
 8#"Bhojpur District Consumer Disputes Redressal Commission"#"Opp. Ara Nagar Nigam, Bhojpur,  Ara – 802301"#"06182-242280"    
 9#"Buxur District Consumer Disputes Redressal Commission   "#"PO Buxur, Distt. Buxur – 802101   "#"06183-224258"    
 10#"Darbhanga District Consumer Disputes Redressal Commission"#"Lahariasarai, near Collectorate,  Darbhanga – 846001   "#"0672-240430"    
 11#"Gaya District Consumer Disputes Redressal Commission"#"Gaya Collectorate, Near SBI  Main Branch, Bhojpur, Ara – 823001"#"0631-2227276"    
 12#"Gopalganj District Consumer Disputes Redressal Commission"#"Collectorate Compound,  Gopalganj – 841428"#"06156-227476           "    
 13#"Jamui District Consumer District Redressal Commission"#"Near Civil Court, Jamui-81307"#"06345-223946"    
 14#"Jehanabad District Consumer Disputes Redressal Commission"#"West of Gandhi Maidan,  Jehanabad – 804408"#"06114-226420"    
 15#"Kaimur District Consumer Disputes Redressal Commission"#"SDO Compound, Kaimur  (Bhabhua) – 821106"#"06189-224439"    
 16#"Katihar District Consumer Disputes Redressal Commission"#"Collectorate Compound,  Katihar-854105"#"06452-239234"    
 17#"Khagaria District Consumer Disputes Redressal Commission"#"Collectorate Compound, Khagaria   "#"06244-226452"    
 18#"Kishanganj District Consumer Disputes Redressal Commission"#"Collectorate Compound, Kishanganj-855107"#"06456-226140"    
 19#"Lakhisarai District Consumer Disputes Redressal Commission"#"Collectorate Compound, Lakhisarai"#"06346-233033"    
 20#"Madhepura District Consumer Disputes Redressal Commission"#"Collectorate Compound,  Madhepura"#"06476-224967"    
 21#"Madhubani District Consumer Disputes Redressal Commission"#"Collectorate Compound, Madhubani"#"06276-226845"    
 22#"Motihari District Consumer Disputes Redressal Commission"#"Collectorate Compound, Motihari - 845401"#"06252-234126"    
 23#"Munger District Consumer Disputes Redressal Commission"#"Court Area, Munger-811201"#"06344-222076"    
 24#"Muzaffarpur District Consumer Disputes Redressal Commission"#"Collectorate Office, Behind SP Office, Muzaffarpur-800002"#"0621-2210609"    
 25#"Nalanda District Consumer Disputes Redressal Commission"#"Near SDO Compound, Biharsharif (Nalanda)-803101"#"06112-237629"    
 26#"Nawadah District Consumer Disputes Redressal Commission"#"Collectorate Compound, Nawadah-805130"#"06324-210355"    
 27#"Patna District Consumer Disputes Redressal Commission   "#"Below State Commission Consumer Protection, Bihar,  Patna, R-Block Road No.2,  Daroga Rai Path, Patna-800001   "#"0612-2221896"    
 28#"Purnea District Consumer Disputes Redressal Commission"#"Collectorate Campus,  Purnia-854301"#"06454-241699"    
 29#"Rohtas District Consumer Disputes Redressal Commission"#"Collectorate Compound, Beside GPF Office, Rohtas-802212"#"06184-227591"    
 30#"Saharsa District Consumer Disputes Redressal Commission"#"Collectorate Campus,  Saharsa-852201"#"06478-222500"    
 31#"Samastipur District Consumer Disputes Redressal Commission"#"Near Collectorate,  Samastipur-848101"#"06274-221431           "    
 32#"Saran (Chapra) District Consumer Disputes Redressal Commission"#"Opp. Collectorate,  Chapra (Saran)-841301   "#"06152-244156"    
 33#"Shekhpura District Consumer Disputes Redressal Commission"#"Collectorate Campus,  Shekhpura-811105"#"06341-223410"    
 34#"Sheohar District Consumer Disputes Redressal Commission"#"In front of Treasury,  Sheohar – 843329"#"06222-257195"    
 35#"Sitamarhi District Consumer Disputes Redressal Commission"#"Collectorate Compound,  Sitamarhi-843301"#"06226-255055"    
 36#"Siwan District Consumer Disputes Redressal Commission"#"Collectorate Compound,  Siwan -841226"#"06154-243002"    
 37#"Supaul District Consumer Disputes Redressal Commission"#"Civil Court Campus,  Saharsa – 852201"#"06473-225426"    
 38#"Vaishali District Consumer Disputes Redressal Commission"#"Block Campus, Vaishali  (Hajipur) - 844114"#"06224-276014"     
 "Chandigarh (UT)    
 1#"District Consumer Disputes Redressal Commission-I  UT Chandigarh"#"1st Floor, Plot No.5-B,  Sector – 19 B,  Madhya Marg,  Chandigarh – 160019"#"0172-2700172"    
 2#"District Consumer Disputes Redressal Commission-II UT Chandigarh"#"2nd Floor, Plot No.5-B,                Sector – 19 B,  Madhya Marg,  Chandigarh – 160019"#"0172-2700179"     
 "Chhattisgarh"    
 1#"Raipur District Consumer Disputes Redressal Commission"#"Raipur"#"0771-2583368"    
 2#"Bilaspur District Consumer Disputes Redressal Commission      "#"Bilaspur   "#"07752-226113"    
 3#"Durg District Consumer Disputes Redressal Commission"#"Durg"#"0788-2328507"    
 4#"Rajnandgaon District Consumer Disputes Redressal Commission"#"Rajnandgaon"#"07744-227344"    
 5#"Sarguja District Consumer Disputes Redressal Commission"#"Sarguja-Ambikapur"#"07774-235094"    
 6#"Bastar District Consumer Disputes Redressal Commission"#"Bastar-Jagdalpur"#"07782-231082"    
 7#"Korba District Consumer Disputes Redressal Commission"#"Korba"#"07759-228422"    
 8#"Koriya District Consumer Disputes Redressal Commission"#"Koriya-Baikunthpur"#"07836-233344"    
 9#"Dhamtari District Consumer Disputes Redressal Redressal Commission"#"Dhamtari"#"--"    
 10#"Janjgir District Consumer Disputes Redressal Commission"#"Janjgir-Champa"#"07817-222409"    
 11#"Kabirdham District Consumer Disputes Redressal Commission"#"Kabirdham"#"07741-233021"    
 12#"Raigarh District Consumer Disputes Redressal Commission"#"Raigarh   "#"07762-223733"     
"Daman & Diu and Dadra & Nagar Havelli" 
 1#"Daman District Consumer Disputes Redressal Commission"#"Office Of The Collector  Civil Supplies Department  Collectorate, Fort Area  Moti Daman 396220"#"0260-2230698"    
 2#"Diu District Consumer Disputes Redressal Commission"#"Office Of The Collector  Civil Supplies Department  Collectorate, Diu 362520"#"02875-252444"
"Delhi"    
 1#"North Delhi District Consumer Disputes Redressal Commission"#"Room No.2 & 3, Old Civil  Supply Building, Tis Hazari,  Delhi – 110054   "#"011-23912675  011-23969372"    
 2#"South Delhi – I District Consumer Disputes Redressal Commission"#"C-22 & 23, Udyog Sadan,  Qutub Institutional Area,  Behind Qutub Hotel,  Mehrauli, Delhi"#"011-26565666  011-26961433"    
 3#"West Delhi District Consumer     Disputes Redressal Commission"#"C-Block, Community Centre,  Pankha Road, Janak Puri,  New Delhi"#"011-25541281  011-25505036"    
 4#"North East Delhi District Consumer Disputes Redressal Commission"#"Bunkar Vihar Complex  (Weavers Complex),  Nand Nagri, Delhi"#"011-22121591  011-22124114"    
 5#"North West Delhi District Consumer Disputes Redressal Commission"#"Convenient Shopping Centre,  Block-C, Pocket-C,  Shalimar Bagh, Delhi   "#"011-27494833  011-27492650"    
 6#"East Delhi District Consumer Disputes Redressal Commission"#"Convenient Shopping Centre,  Saini Enclave, Delhi"#"011-22373093  011-22379588"    
 7#"South Delhi – II District Consumer Disputes Redressal Commission"#"C-22 & 23, Udyog Sadan,  Qutub Institutional Area,  Behind Qutub Hotel,  Mehrauli, Delhi"#"011-26533073  011-26533014"    
 8#"Central Delhi District Consumer Disputes Redressal Commission"#"Mezannine Floor,  ISBT, Kashmere Gate,  Delhi"#"011-23866727  011-23866728"    
 9#"New Delhi District Consumer Disputes Redressal Commission"#"Ist Floor, M Block,  Vikash Bhawan, ITO,  New Delhi-110002"#"011-23378114"    
 10#"South West Delhi District Consumer Disputes Redressal Commission"#"1st Floor, Pandit Deep Chand  Sharma Sahekaar Bhawan,  Sector 20, Phast-I, Dwarka,  Delhi"#"011-28050114"     
 "Goa"  
 1#"North Goa District Consumer Disputes Redressal Commission"#"North Goa, FF 1, Housing  Board Commercial cum  Residential Complex,  Alto Porvorim, Goa"#"0832-2411148   "    
 2#"South Goa District Consumer Disputes Redressal Commission"#"South Goa, Blessing Pioneer Commercial Complex, First Floor,  Margao-Goa"#"0832-2713073   "     
 "Guajrat"  
 1#"Ahmedabad (City) District Consumer Disputes Redressal Commission"#"Grahak Bhavan,  Nr. Gota Cross Road,  S. G. Highway, Gota,  Ahmedabad – 380061"#"02717-242539 "    
 2#"Ahmedabad (Additional)            District Consumer Disputes Redressal Commission"#"Grahak Bhavan,  Nr. Gota Cross Road,  S. G. Highway, Gota,  Ahmedabad – 380061   "#"02717-241612"    
 3#"Ahmedabad (Rural) District Consumer Disputes Redressal Commission"#"Grahak Bhavan, Nr. Gota  Cross Road, S. G. Highway,  Gota, Ahmedabad – 380061   "#"0717-241612"    
 4#"Gandhinagar District Consumer Disputes  Redressal Commission"#"7th Floor, Gilla Seva Sadan,  M. S. Building, Nr. Pathikashram  Gandhinagar"#"079232-48284"    
 5#"Sabarakantha District Consumer Disputes  Redressal Commission"#"Nr. RTO Office, Himmatnagar,  Vijapur Highway, Sargadh, Himantnagar"#"0277-2223378"    
 6#"Mahesana District Consumer Disputes Redressal Commission"#"Nr. Lakhavad, Mehsana Himatnagar Highway, Mehsana"#"02762-221322"    
 7#"Banaskantha District Consumer Disputes Redressal Commission"#"½ RRP Building,  Jorawar Palace,  Palanpur,  District Banaskantha"#"0274-2254138"    
 8#"Rajkot (Main) District Consumer Disputes Redressal Commission"#"Old Collector Office Compound, Railway Junction Road,  Rajkot - 360001"#"0281-2474565"    
 9#"Rajkot (Addl.) District Consumer Disputes Redressal Commission"#"Old Collector Office Compound, Railway Junction Road,  Rajkot – 360001"#"0281-2478723"    
 10#"Surat (Main) District Consumer Disputes Redressal Commission"#"Nr. S. M. Quarters, Beside Ekta Society, Umra, Surat"#"0261-2213321"    
 11#"Surat (Addl.) District Consumer Disputes Redressal Commission"#"Nr. S. M. Quarters, Beside Ekta Society, Umra, Surat"#"0261-2213323"    
 12#"Anand District Cosnumer Disputes Redressal Commission"#"Sarakri Godaun, Nr. District Judge  Bunglow, Borsad Cross Road, Anand"#"02692-260422"    
 13#"Patan District Consumer Disputes Redressal Commission"#"B/H Saradar Complex, Nr. Information Office, Patan - 384265"#"02766-233339"    
 14#"Jamnagar District Consumer Disputes Redressal Commission"#"Sarakari Anaj Godown Compound, Valsura Road, Badeshwar, Jamnagar"#"0288-2750002"    
 15#"Amareli District Consumer Disputes Redressal Commission"#"Rajmahal Compound, B/H M.S. Building, Nr. Dr. Ambedkar Bhavan,  Amareli"#"02792-230625"    
 16#"Bhavnagar Distrct Consumer Disputes Redressal Commission"#"Opp. H. J. Law College, Nr. Gilla Udhyog Kendra,  Bhavnagar – 364001"#"0278-2422726"    
 17#"Surendranagar District Consumer Disputes Redressal Commission"#"Ayurvedic Hospital Compound, Nr. Swamionarayan Mandir, Jawahar Road, Surendranagar"#"02752-282142"    
 18#"Junagadh District Consumer Disputes Redressal Commission"#"Sambhavith Building, Nr.Behra Munga School, Samaj Suraksha Compound, Mejwadi Gate, Junagadh- 362001"#"0285-2625593"    
 19#"Vadodara (Main) District            Consumer Disputes Redressal Commission"#"Kareli Baug, Nr. Prerak Bunglows. Pani Tanki Road, Vadodara   "#"0265 – 2464194"    
 20#"Vadodara (Addl) District Consumer Disputes Redressal Commission"#"Kareli Baug, Nr. Prerak Bunglows. Pani Tanki Road, Vadodara"#"0265 – 2464196"    
 21#"Godhra District Consumer Disputes Redressal Commission"#"Satyam Society, Bamroli, Godhara - 389001"#"02672-246016"    
 22#"Kheda District Consumer Disputes Redressal Commission"#"Labour Court Compound, Nr. Collector Office, Nadiyaad, Distt. Kheda   "#"0268-2569301"    
 23#"Bharuch District Consumer Disputes Redressal Commission"#"Office No.132 to 135, 1st Floor, Poonam Plaza Building, Nr. Relief Cinema, Bharuch"#"0264-2251604"    
 24#"Navsari District Consumer Disputes Redressal Commission   "#"Nr. Gujarat State Civil Supplies Corp. Ltd. Godown, Limda Chowk, Jalapur Station Road, Navasari      "#"0263-7286251"    
 25#"Valasad District Consumer Disputes Redressal Commission"#"Nr. Vegetable Market, Opp. Sejal Gas Agency, Valasad"#"0263-2242824"    
 26#"Katchh-Bhuj District Consumer Disputes Redressal Commission"#"B/H M. S. Building, Nr. Juleleal Society, Kutch-Bhuj - 370001"#"02832-250723"     
 "Haryana"  
 1#"Ambala District Consumer Disputes Redressal Commission"#"Old SDM Office, Near DC Office, Ambala"#"0171-2534370"    
 2#"Bhiwani District Consumer Disputes Redressal Commission"#"Near Hindustan Gum Factory, Rajiv colony, Bhiwani"#"01664-246544"    
 3#"Charkhi Dadri District Consumer Disputes Redressal Commission"#"in the building of District Bar Association, Charkhi Dadri"#"--"    
 4#"Faridabad District Consumer Disputes Redressal Commission   "#"Room No. 202, Mini Secretariat,  Sector-12 , Faridabad   "#"0129-2262290"    
 5#"Fatehabad District Consumer Disputes Redressal Commission"#"Court Room No. 8, Judicial Complex,  Fatehabad"#"01667-230100"    
 6#"Gurgaon District Consumer Disputes Redressal Commission"#"Vikas Sadan, Gurgaon   "#"0124-2330220"    
 7#"Hisar District Consumer Disputes Redressal Commission"#"Mini Secretariat Campus, Hisar   "#"01662-233104"    
 8#"Jind District Consumer Disputes Redressal Commission"#"Room No.4-8, Old Mini Secretariat,  Near Judicial Complex, Jind"#"01681-247100"    
 9#"Jhajjar District Consumer Disputes Redressal Commission"#"Judicial Complex, Jhajjar   "#"01251-256767"    
 10#"Kaithal District Consumer Disputes Redressal Commission"#"3rd Floor, Room No. 24, Old Mini Secretariat, Kaithal"#"01746-235199"    
 11#"Karnal District Consumer Disputes Redressal Commission"#"2nd Floor, New Judicial Complex,  Karnal"#"0184-2267887"    
 12#"Kurukshetra District Consumer Disputes Redressal Commission"#"Judicial Complex, Phase-II, Kurukshetra"#1744223220    
 13#"Mewat District Consumer Disputes Redressal Commission"#"Development Authorities Residential Colony, Behind BSNL Office, Mewat"#"01267-274100"    
 14#"Narnaul District Consumer Disputes Redressal Commission"#"Mini Secretariat Judicial Complex, Narnaul"#"01282-256318"    
 15#"Panipat District Consumer          Disputes Redressal Commission"#"Mini Secretariat Room No. 508-513, 5th Floor, Panipat"#"0180-2659701"    
 16#"Panchkula District Consumer Disputes Redressal Commission"#"SCO-208, Sector-14, Panchkula   "#"0172-2972000"    
 17#"Palwal District Consumer Disputes Redressal Commission"#"Behind PWD Rest House Public  Health Camp Office, Palwal"#"01275-298121"    
 18#"Rohtak District Consumer Disputes Redressal Commission"#"Mini Secretariat, Rohtak   "#"01262-245550"    
 19#"Rewari District Consumer Dipsutes Redressal Commission"#"District Bar Association, 1st Floor,  Judicial Complex, Rewari   "#"01274-222731"    
 20#"Sonepat District Consumer Disputes Redressal Commission"#"Malik Colony, Near Judicial Complex, Sonepat   "#"0130-2222196"    
 21#"Sirsa District Consumer Disputes Redressal Commission"#"Near Main Gate Mini Secretariat, Sirsa"#"01666-247800"    
 22#"Yamuna Nagar District Consumer Disputes            Redressal Commission"#"Near Judicial Complex,  Jagadhari, Yamuna Nagar"#"01732-227400"     
 "Himachal Pradesh"
 1#"District Consumer Disputes Redressal Commission"#"SDA Complex Block No.33, Kasumpti Shimla HP- 171009"#"0177-2628988"    
 2#"District Consumer Disputes Redressal Commission"#"Mandi DC Office Complex Phase-II, 1st Floor, District Mandi HP -175001"#"01905-223770"    
 3#"District Consumer Disputes Redressal Commission"#"Una District Una HP – 174303"#"01975-225801"    
 4#"District Consumer Disputes Redressal Commission"#"Kangra at Dharamshala District Kangra HP-176215"#"01892-224381"     
 "Jammu & Kashmir"    
 1#"Jammu District Consumer Disputes Redressal Commission"#"Jammu"#"0191 – 533137"    
 2#"Kathua District Consumer Disputes Redressal Commission"#"Kathua"#"01922 – 234209"    
 3#"Udhampur District Consumer Disputes Redressal Commission"#"Udhampur"#"01922 – 271866"    
 4#"Doda (Baderwah) District Consumer Disputes Redressal Commission"#" Doda (Baderwah)"#"01997 – 244232"    
 5#"Rajouri District Consumer Disputes Redressal Commission"#"Rajouri"#"01962 – 263316"    
 6#"Poonch District Consumer Disputes Redressal Commission"#"Poonch   "#"01965 – 220104"    
 7#"Samba District Consumer Disputes Redressal Commission"#"Samba"#"01923 – 243712"    
 8#"Reasi District Consumer            Disputes Redressal Commission"#"Reasi"#"01991 – 244203"    
 9#"Kishtwar District Consumer Disputes Redressal Commission"#"Kishtwar   "#"01995 – 259425"    
 10#"Ramban District Consumer Disputes Redressal Commission"#"Ramban   "#"01998 – 266415"    
 11#"Srinagar District Consumer Disputes Redressal Commission"#"Srinagar   "#"0194  – 2452912"    
 12#"Anantnag District Consumer Disputes Redressal Commission"#"Anantnag   "#"01932 – 222327"    
 13#"Pulwama District Consumer Disputes Redressal Commission"#"Pulwama   "#"01933 – 241246"    
 14#"Budgam District Consumer Disputes Redressal Commission"#"Budgam"#"01951 – 255248 "    
 15#"Baramulla District Consumer Disputes Redressal Commission"#"Baramulla"#"01952 – 243261"    
 16#"Kupwara District Consumer Disputes Redressal Commission"#"Kupwara"#"01955 – 252344"    
 17#"Bandipora District Consumer Disputes Redressal Commission"#"Bandipora"#"01957 – 225027"    
 18#"Ganderbal District Consumer Disputes Redressal Commission"#"Ganderbal"#"0194 – 2416343"    
 19#"Shopian District Consumer Disputes Redressal Commission"#"Shopian"#"01933 – 261884"    
 20#"Kulgam District Consumer Disputes Redressal Commission"#"Kulgam"#"01931 – 260105"    
 21#"Leh District Consumer Disputes Redressal Commission"#"Leh"#"01982 – 252277"    
 22#"Kargil District Consumer            Disputes Redressal Commission"#"Kargil"#"01985 – 232248"     
 "Jharkhand"    
 1#"Deoghar District Consumer Disputes Redressal Commission"#"Collectorate Campus, Deoghar – 814112"#"--"    
 2#"Palamau District Consumer Disputes Redressal Commission"#"Collectorate Campus, Palamau 822101"#"--"    
 3#"Pakur District Consumer Disputes Redressal Commission"#"D.C. Office Campus, Pakur – 816107"#"--"    
 4#"Koderma District Consumer Disputes Redressal Commission"#"Collectorate Campus, Deoghar 825410"#"--"    
 5#"Hazaribagh District Consumer Disputes Redressal Commission"#"Collectorate Campus, Hazaribagh 825301"#"--"    
 6#"Ramgarh District Consumer Disputes Redressal Commission"#"Civil Court Campus, Ramgarh 829122"#"--"    
 7#"Chaibasa West Singhbum District Consumer Disputes Redressal Commission"#"Collectorate Campus, Chaibasa West Singhbhum 833201   "#"--"    
 8#"Sahebganj District Consumer Disputes Redressal Commission"#"Collectorate Campus, Sahebganj 816109"#"--"    
 9#"Bokaro District Consumer Disputes Redressal Commission"#"Collectorate Campus, Bokaro – 827001"#"--"    
 10#"Dhanbad District Consumer Disputes Redressal Commission"#"Collectorate Campus, Dhanbad 826001"#"--"    
 11#"Giridih District Consumer Disputes Redressal Commission"#"Near Collectorate Campus, Giridih 815301"#"--"    
 12#"Khunti District Consumer Disputes Redressal Commission"#"Collectorate Campus, Khunti 835210   "#"--"    
 13#"Jamshedpur East Singhbhum District Consumer Disputes Redressal Commission"#"Sakchi Court Campus, Sakchi East Singhbhum 831001   "#"--"    
 14#"Latehar District Consumer Disputes Redressal Commission"#"Near SDM Office, Latehar 829206   "#"--"    
 15#"Ranchi District Consumer Disputes Redressal Commission"#"Near Ranchi High Court, Doranda Bazar, Doranda, Ranchi 834002"#"--"    
 16#"Lohardaga District Consumer Disputes Redressal Commission"#"Collectorate Campus, Lohardaga 835302"#"--"    
 17#"Saraikela Kharsawan District Consumer Disputes Redressal Commission   "#"Collectorate Campus, Saraikela Kharsawan – 833219   "#"--"    
 18#"Garwah District Consumer Disputes Redressal Commission"#"Civil Court Campus, Garwah 822114   "#"--"    
 19#"Simdega District Consumer Disputes Redressal Commission"#"Near Civil Court, Simdega 835223   "#"--"    
 20#"Gumla District Consumer Disputes Redressal Commission"#"Besides Civil SDO Office, Gumla 835207"#"--"    
 21#"Godda District Consumer Disputes Redressal Commission"#"Near SDO Residence, Godda 814133"#"--"    
 22#"Jamtara District Consumer Disputes Redressal Commission"#"Officers Club Near Dak Bungalow, Jamtara 815351"#"--"    
 23#"Chatra District Consumer Disputes Redressal Commission"#"Besides Collectorate Campus, Chatra 825401"#"--"    
 24#"Dumka District Consumer Disputes Redressal Commission"#"Collectorate Campus, Dumka 814101"#"--"     
 "Karnataka"   
 1#"Bengaluru Urban District Consumer Disputes Redressal Commission           "#"Cauvery Bhavan, 8th Floor, BWSSB Wing, KG Road, Bengaluru-560009   "#"080-22211137"    
 2#"Bengaluru Rural & Bengaluru Urban 1st Additional District Consumer Disputes Redressal Commission"#"BMTC Building, 1st Floor, TTMC  ‘B’ Block, Shanthinagar, Bengaluru-560027   "#"080-22104470"    
 3#"Bengaluru Urban II Addl. District Consumer Disputes Redressal Commission"#"BMTC, TTMC Building, 1st Floor, B Block, Shanthinagar, K. H. Road, Bengaluru-560027"#"080-22108595"    
 4#"Bengaluru Urban III Addl. District Consumer Disputes Redressal Commission"#"BMTC, TTMC Building, 1st Floor, B Block, Shanthinagar, K. H. Road, Bengaluru-560027"#"080-22102623"    
 5#"Bengaluru Urban IV Addl. District Consumer Disputes Redressal Commission"#"BMTC, TTMC Building, 1st Floor, B Block, Shanthinagar, K. H. Road, Bengaluru-560027"#"080-22102624"    
 6#"Ballari District Consumer Disputes Redressal Commission"#"D. C. Office Premises, Ballari -583101"#"08392-276589"    
 7#"Belgavi District Consumer Disputes Redressal Commission"#"Opp. A.C.Office, Deputy Commissioner’s Office Compound, Belagavi – 590001"#"0831-2426140"    
 8#"Bidar District Consumer Disputes Redressal Commission"#"Behind DIET, Near District Training Centre, Aliabad Road, Naubad, Bidar – 585402"#"08482-232563"    
 9#"Vijayapura District Consumer Disputes Redressal Commission"#"Sri Ganesha Nagar, Near Ibrahimpur, Managoli Road Vijayapura – 586102"#"08352-276257"    
 10#"Chikkamagaluru District Consumer Disputes Redressal Commission"#"New House Extension, Near Travellers Bungalow, Chikkamagaluru – 577101"#"08262-234864"    
 11#"Chitradurga District Consusmer Disputes Redressal Commission"#"Bank Colony, Turuvanur Road, Chitradurga – 577501   "#"08194-231451"    
 12#"Dakshina Kannada District Consumer Disputes Redressal Commission"#"1st Cross, Mannagudda, Near Central Warehouse, Managaluru – 575003"#"0824-2457498"    
 13#"Dharwad District Consumer Disputes Redressal Commission"#"Kumbar Civil Court Premises, P. B. Road, Dharwad – 580001"#"0836-2446002"    
 14#"Kalaburgi District Consumer Disputes Redressal Commission"#"Opp. To Krishna Grameen Bank, H. O. Rajapur-Kusnoor Road, Kalaburagi – 585105"#"08472-256033"    
 15#"Hassan District Consumer Disputes Redressal Commission"#"Opp : Advocate Bar Association, Behind DC Office R. C. Road, Hassan – 573201"#"08172-226892"    
 16#"Kolar District Consumer Disputes Redressal Commission"#"District Court Premises, Kolar – 563101"#"08152-228111"    
 17#"Kodagu District Consumer Disputes Redressal Commission"#"Aakashavani Road, Near Vartha Bhavan, Madikeri – 571201"#"08272-229852"    
 18#"Mandya District Consumer Disputes Redressal Commission"#"Opp. to District Court,  Mandya – 571401   "#"08232-222100"    
 19#"Mysuru District Consumer Disputes Redressal Commission"#"No.1542, F, C & D Block, JCST Layout, Near Jagadambha Petrol Bunk, Kuyempu Nagar, Mysuru-570009"#"0821-2344902"    
 20#"Raichur District Consumer Disputes Redressal Commission"#"D.C Office Compound, Raichur – 584101"#"08532-233006"    
 21#"Shivamogga District Consumer Disputes Redressal Commission"#"D.C Office Premises, D.C. Quarters Road,  Near P.L.D. Bank, Shivamogga – 577201"#"08182-22005"    
 22#"Tumakuru District Consumer Disputes Redressal Commission"#"Old D.C Office Compound, Tumakuru – 572101"#"0816-2273037"    
 23#"Uttara Kannada District Consumer Disputes Redressal Commission"#"M. G. Road, Karwar-581301    "#"08382-227404"    
 24#"Haveri District Consumer Disputes Redressal Commission"#"Old Zila Panchayath Office Premises, Vidya Nagar, Haveri-581110"#"08375-232509"    
 25#"Chamarajnagar District Consumer Disputes Redressal  Commission"#"PWD Colony, Court Main Road, Chamrajnagar – 571313   "#"08226-226502"    
 26#"Davangere District Consumer Disputes Redressal Commission"#"Lokikere Road, Near Zilla Panchayat Office (Bypass), Davangere-577005"#"08192-56618"    
 27#"Koppal District Consumer Disputes Redressal Commission"#"Old Civil Court Building,  Koppal – 583231"#"08539-220770"    
 28#"Gadag District Consumer Disputes Redressal Commission"#"Sri Siddalingeswara Nilaya, Near Marata Mandhir, Vakeela Chala, Gadag – 528101"#"08372-252515"    
 29#"Bagalkot District Consumer Disputes Redressal Commission"#"No.1, Sector No.33, Navanagar, Bagalkot – 587102"#"08354-235778"    
 30#"Udupi District Consumer Disputes Redressal Commission"#"#76, Badagubettu, Kukkikatte (Near Diana Talkies) Udupi – 576101"#"0820-2523170"    
 31#"Yadgiri District Consumer Disputes Redressal Commission"#"No.C.M.C. No.5-1-127, Subhash Circle, Chittapura Road, Yadagiri – 585202"#"08473-251688"    
 32#"Ramanagara District Consumer Disputes Redressal Commission"#"Prasashtri Bhavan, CMC Compound, Old BM Road, Ramanagara"#"080-29522210"    
 33#"Chikkaballapura District Consumer Disputes Redressal Commission"#"Reshme Bithane Kotti Building,  (Old D.C.Office) Chadalapura, Chikkaballapura Taluk   "#"--"     
 "Kerala"   
 1#"Thiruvananthapuram District Consumer Disputes Redressal Commission"#"Sisu Vihar Lane, Vazhuthacaud Thiruvananthapuram -6905010   "#"07471-2721069"    
 2#"Kollam District Consumer Disputes Redressal Commission"#"Civil Station, Kollam-691013"#"0474-2795063"    
 3#"Pathanamthitta District Consumer Disputes Redressal Commission"#"Nannuvakkad, Pathanamthitta PO Pin 689645   "#"0468-2223699"    
 4#"Alappuzha District Consumer Disputes Redressal Commission  Pazhaveedu PO Alappuzha -88009"#"Pazhaveedu PO Alappuzha -88009   "#"0477-2269748"    
 5#"Eranankulam District Consumer Disputes Redressal Commission"#"Near Govt. Homeo Hospital, Pullepady, Kaloor PO Eranankulam – 682017"#"0484-2403316"    
 6#"Idukki District Consumer Disputes Redressal Commission"#"Kuyilimala, Painavu PO Idukki – 685603"#"0486-2232552  "    
 7#"Trissur District Consumer Disputes Redressal Commission"#"Outpost Road, Ayyanthole PO, Trissur – 68000"#"0487-2361100  "    
 8#"Kozhikode District Consumer Disputes Redressal Commission"#"Karanthoor PO, Kunthamangalam, Kozhikode-673571"#"0495-2803455"    
 9#"Malappuram District Consumer Disputes Redressal Commission"#"B2-Block, Civil Station,  Malappuram-676505   "#"0483-2734802"    
 10#"Wayanadu District Consumer Disputes Redressal Commission"#"Kalpetta North Post, Wayanadu -673122"#"0493-6202755"    
 11#"Palakkad District Consumer Disputes Redressal Commission"#"Near Public Library, Palakkad – 678001"#"0491-2505782 "    
 12#"Kottayam District Consumer Disputes Redressal Commission"#"Civil Station Collectorate, Kottayam-686002"#"0481-2566118"    
 13#"Kannur District Consumer Disputes Redressal Commission"#"Kakkad Road, Kannur-670002   "#"04972-706632"    
 14#"Kasargod District Consumer Disputes Redressal Commission"#"Civil Station Compound, Near Police Station, Vidya Nagar-Kasargod Pin 671123"#"04994-256845"     
 "Lakshadweep"    
 1#"Kavaratti District Consumer Disputes Redressal Commission"#"Kavaratti – 682555   "#4896262968   
 "Madhya Pradesh"     
 1#"Anuppur District Consumer Disputes Redressal Commission  (Clubbed with DCF Rewa)   "#"District Court Campus,  Anuppur – 484224   "#"--"    
 2#"Ashoknagar District Consumer Disputes Redressal Commission  (Clubbed with DCF Guna)   "#"Ashoknagar Road, Barkhedi, Ashoknagar – 473331"#"--"    
 3#"Balaghat District Consumer Disputes Redressal Commission  (Clubbed with DCF Chhindwara)"#"Near District Hospital,  Balaghat 481001  (Clubbed with DCF Chhindwara)"#"07632-248646"    
 4#"Barwani District Consumer Disputes Redressal Commission   (Clubbed with DCF Dhar)"#"Indrajeet Hostal, Anjad Naka, Barwani - 451551   "#"07290-222237"    
 5#"Betul District Consumer Disputes Redressal Commission"#"Kothi Bazar, Civil Court campus, Betul 460001"#"07141-232012"    
 6#"Bhind District Consumer            Disputes Redressal Commission"#"District Court campus, Bhind 477001   "#"07534-231004"    
 7#"Bhopal District Consumer Disputes Redressal Commission"#"No.1, Plot No. 76, Arera Hills, Bhopal 462011"#"0755-2551613"    
 8#"Bhopal District Consumer Disputes Redressal Commission"#"No. 2, Plot No. 76, Arera Hills, Bhopal 462011"#"0755-2583062"    
 9#"Burhanpur District Consumer Disputes Redressal Commission"#"Behind Jila Panchayat, New Collectorate Area, Burhanpur 450331"#"07325-242300"    
 10#"Chhatarpur District Consumer Disputes Redressal Commission"#"In front of Maharaja College, Chhatarpur – 471001"#"07682-240700"    
 11#"ChhindwaraDistrict Consumer District Consumer Disputes Redressal Commission"#"District Court Compound, Chhindwara 480001   "#"07162-222444"    
 12#"Damoh District Consumer Disputes Redressal Commission"#"Near old Collectorate, Damoh 470661"#"07812-223450"    
 13#"Datia District Consumer Disputes Redressal Commission  (Clubbed with DCFShivpuri)"#"Near Bus Stand, Unnav Road, Datia 475661   "#"07522-237400"    
 14#"Dewas District Consumer Disputes Redressal Commission  (Clubbed with DCF Indore  No.-1)"#"District Court Campus, Dewas 455001"#"07272-252336"    
 15#"Dhar District Consumer Disputes Redressal Commission"#"Near Income Tax Office, Dhar 454001"#"07292-237085"    
 16#"Dindori District Consumer Disputes Redressal Commission  (Clubbed with DCF Jabalpur No.-1)"#"beside Collector Office, Dindori 481880   "#"07644-234954"    
 17#"Guna District Consumer Disputes Redressal Commission"#"District Court Premise, Guna 473001   "#"07542-250041"    
 18#"Gwalior District Consumer Disputes Redressal Commission"#"Behind Income Tax Office, City Center, Gwalior 474002"#"0751-2231510"    
 19#"Harda District Consumer Disputes Redressal Commission  (Clubbed with DCF Khandwa)   "#"Collectorate Campus, Harda 461331   "#"07577-223022"    
 20#"Hoshangabad District  Consumer Disputes Redressal Commission"#"Kothi Bazar, Civil Court  Campus, Hoshangabad 461001"#"07574-252976"    
 21#"Indore District Consumer Disputes Redressal Commission No.1"#"In front of Residency club, Near Azad Nagar Police Station, Indore 452001"#"0731-2711030"    
 22#"Indore District Consumer Disputes Redressal Commission No.2"#"1st Floor, D-Block, Navlakha Complex, near Agrasen Square,  Indore 452001"#"0731-2972441"    
 23#"Jabalpur District Consumer Disputes Redressal Commission No.1"#"Block No.15K, Civic Center, Jabalpur 482002   "#"0761-2480636"    
 24#"Jabalpur District Consumer Disputes Redressal Commission"#"No.2, Block No. 8, JDA Building 2nd floor, Civic Center, Madhatal, Jabalpur 482002"#"0761-2403800"    
 25#"Jhabua District Consumer Disputes Redressal Commission (Clubbed with DCFRatlam)"#"Court Campus, Jhabua 457661   "#"--"    
 26#"KatniDistrict Consumer Disputes Redressal Commission"#"Near Dugari Nala, Jabalpur Road, Katni 483501"#"07622-220300"    
 27#"Khandwa District Consumer Disputes Redressal Commission"#"Civil Lines, Court Campus, Khandwa 450001"#"0733-2230828"    
 28#"Mandla District Consumer Disputes Redressal Commission (Clubbed with DCFJabalpur No.-1)"#"Near District court, Civil Lines, Mandla 481661"#"07642-251841"    
 29#"Mandleshwar (Khargone) District Consumer Disputes Redressal Commission (Clubbed with DCF Dhar)"#"District Court Campus, Mandleshwar 451221   "#"07283-233551"    
 30#"Mandsaur District Consumer Disputes Redressal Commission"#"in front of old election building, Mandsaur 458001"#"07422-235111"    
 31#"Morena District Consumer Disputes Redressal Commission"#"Court Campus, Old Housing Board Colony, Morena 476001"#"07532-232221"    
 32#"Narsinghpur District Consumer Disputes Redressal Commission(Clubbed with DCF Jabalpur No.-2)"#"Civil Line, Narsinghpur 487001"#"0779-2234365"    
 33#"Neemuch District Consumer Disputes Redressal Commission (Clubbed with DCFRatlam)"#"Mhow-Neemuch Road, near to Jila Panchayat, Neemuch 458441"#"--"    
 34#"Panna District Consumer Disputes Redressal Commission(Clubbed with DCF Chhatarpur)"#"in front of City Post Office, Panna 488001   "#"07732-250060"    
 35#"Raisen District Consumer Disputes Redressal Commission (Clubbed with DCFBhopal No.-2)"#"Behind Tehsil office, Raisen 464551   "#"--"    
 36#"Rajgarh District Consumer Disputes Redressal Commission (Clubbed with DCF Guna)"#"Collectorate Campus, Rajgarh 465661   "#"--"    
 37#"Ratlam District Consumer Disputes Redressal Commission"#"Near to gulab chakra (Old Collectorate), Ratlam 457001"#"07412-221790"    
 38#"Rewa District Consumer Disputes Redressal Commission"#"near Vyankat Bhawan,             Rewa 486001"#"07662-242451"    
 39#"Sagar District Consumer Disputes Redressal Commission"#"in front of Commissioner office, Sagar 470001"#"07582-228442"    
 40#"Satna District Consumer Disputes Redressal Commission"#"Old Police Line, Civil lines, Satna 485001   "#"07672-226775"    
 41#"Sehore District Consumer Disputes Redressal Commission"#"In front of District and Session Court, Sehore 466001   "#"07562-221437"    
 42#"Seoni District Consumer Disputes Redressal Commission (Clubbed with DCF Chhindwara)"#"Collectorate Campus, Seoni 480661   "#"07692-221891"    
 43#"Shahdol District Consumer Disputes Redressal Commission (Clubbed with DCFRewa)"#"Collectorate Building, Shahdol 484001"#"--"    
 44#"Shajapur District Consumer Disputes Redressal Commission (Clubbed with DCFUjjain)      "#"Court Campus, Lalghati, Shajapur 465001"#"0736-4226458"    
 45#"Sheopur District Consumer Disputes Redressal Commission (Clubbed with DCFShivpuri)"#"Near District Court, Shivpuri Link Road, Sheopur 476337"#"07530-223200"    
 46#"Shivpuri District Consumer Disputes Redressal Commission"#"Opp. Family Court, Court road, Shivpuri 473551"#"07492-233452"    
 47#"Sidhi District Consumer Disputes Redressal Commission (Clubbed with DCF Rewa)"#"near Collectorate, Sidhi 486661   "#"--"    
 48#"Tikamgarh District Consumer Disputes Redressal Commission                                                        (Clubbed with DCF Chhatarpur)"#"in front of Collectorate, Tikamgarh 472001 "#"07683-247392"    
 49#"Ujjain District Consumer Disputes Redressal Commission"#"Kothi Mahal, near Hanuman Mandir, Ujjain 456001"#"0734-2511435"    
 50#"Umaria District Consumer Disputes Redressal Commission (Clubbed with DCFKatni)"#"Collectorate Premise, Umaria 484661"#"--"    
 51#"Vidisha District Consumer Disputes Redressal Commission"#"in front of Dehat Thana, Vidisha 454001"#"07592-234707"     
 "MAHARASHTRA"   
 1#"South Mumbai District Consumer Disputes Redressal Commission"#"New Government  Building, 1st Floor, General Nagesh Road, Near Mahatma Gandhi Hospital, Opp. Maharishi Dayanand College, Parel, Mumbai –400012"#"022-24171332"    
 2#"Central Mumbai District Consumer Disputes Redressal Commission"#"New Government Building, 2nd Floor, General Nagesh Road, Near Mahatma Gandhi Hospital, Opp. Maharshi Dayanand College, Parel, Mumbai – 400012"#"022-24171360"    
 3#"Mumbai Suburban District Consumer Disputes Redressal Commission"#"Administrative Bldg; 3rd Floor, Nr. Chetna College, Bandra (E.) Mumbai – 400051"#"022-26551625"    
 4#"Mumbai Suburban Additional District Consumer Disputes Redressal Commission"#"Administrative Bldg; 3rd Floor, Nr. Chetna College, Bandra (E.) Mumbai – 400051"#"022-26422163           "    
 5#"Thane District Consumer Disputes Redressal Commission"#"Room No.214, 2nd Floor, Collector Office, Thane – 400601"#"022-25344069"    
 6#"Thane Additional District Consumer Disputes Redressal Commission"#"Konkan Bhawan Aannexe Bldg; 4th Floor, Room Nos.428 & 429, Opp. C.B.D. Belapur Rly. Station,  Navi Mumbai – 400614"#"022-27575480"    
 7#"Raigad District Consumer Disputes Redressal Commission"#"Collector Office Building, 2nd Floor, Near Hirkot Talao, Alibag, Distt. Raigad – 402201"#"02141-224225"    
 8#"Ratnagiri District Consumer Disputes Redressal Commission"#"Collector Office Compound, Ratnagiri – 415601"#"02352-223745"    
 9#"Sindhudurga District Consumer Disputes Redressal Commission"#"Main Admn. Blag; “C” Block, Gr. Floor, At PO Sindhudurga Nagari, Tal Kudal, Distt. Sindhudurga"#"02362-228825"    
 10#"Pune District Consumer Disputes Redressal Commission   "#"New Administrative Building, 4th Floor, B Wing, Opp. Vidhan Bhawan, Pune – 411001"#"020-26139191"    
 11#"Pune Additional District Consumer Disputes Redressal Commission"#"New Administrative Building, 4th Floor, B Wing, Opp. Vidhan Bhawan,  Pune-411001   "#"020-26120364"    
 12#"Satara District Consumer Disputes Redressal Commission"#"524/1-A, Sadar Bazar, Near Co-op. Court, Koregaon Road, Satara-415001"#"02162-237469"    
 13#"Sangli District Consumer Disputes Redressal Commission"#"Behind Circuit House (Madhav Nagar Road), Near New Pride Multiplex Theatre, Sangli"#"0233-2621747"    
 14#"Kolhapur District Consumer Disputes Redressal Commission"#"Central Administrative Bldg. South Side, 2nd Floor, Kasaba Bawada Road,Kolhapur"#"0231-2651327"    
 15#"Solapur District Consumer Disputes Redressal Commission"#"Collector Office Compound, Solapur -3"#"0217-2622003"    
 16#"Nashik District Consumer Disputes Redressal Commission"#"Collector Office Compound, Nashik-2"#"0253-2580142"    
 17#"Dhule District Consumer Disputes Redressal Commission"#"New Admn. Bldg Compound,        Dhule – 424001"#"02562-237110"    
 18#"Nandurbar District Consumer Disputes Redressal Commission"#"Tokar Talav, Near Zilla Parishad, Behind New Building of District Court Nandurbar -425412"#"02564-210027"    
 19#"Jalgaon District Consumer Disputes Redressal Commission"#"New Admn. Bldg; besides All India Radio Station, Jalgaon – 425001"#"0257-2221868"    
 20#"Ahmednagar District Consumer Disputes Redressal Commission"#"Parag Bldg; Near Collector Office,  Ahmednagar 414001"#"0241-2347917"    
 21#"Aurangabad District Consumer Disputes Redressal Commission"#"Collectorate Bldg; 2nd Floor, Aurangabad – 431001"#"0240-2321202"    
 22#"Beed District Consumer Disputes Redressal Commission   "#"House No.1-4-1600, Sarangkar Building, 1st Floor, Pangeri Rd. Beed – 431122"#"02442-230501"    
 23#"Parbhani District Consumer Disputes Redressal Commission"#"Admn. Bldg; Compound, Parbani - 431401"#"02452-222640"    
 24#"Hingoli District Consumer Disputes Redressal Commission"#"Survey No.63 Nr. Pump House, Behind Administrative Bldg; Hingoli – 431513"#"02456-223888"    
 25#"Nanded District Consumer Disputes Redressal Commission"#"VIP Road, Opp. Telephone Exchange, Nanded – 431602"#"02462-254729"    
 26#"Latur District Consumer Disputes Redressal Commission"#"Near Zilla Parishad Gate, Collector Office Compound, Latur – 413512"#"02382-242319"    
 27#"Osmanabad District Consumer Disputes Redressal Commission"#"Collector Office Compound, Osmanabad – 431501"#"02472-223478"    
 28#"Jalna District Consumer Disputes Redressal Commission"#"Survey No.488 (62), By-pass Road, Opp. Sports Complex, Jalna – 431203"#"02482-225473"    
 29#"Amravati District Consumer Disputes Redressal Commission"#"Behind Circuit House, Centra Jail Road, Camp, Amravati – 444602"#"0721-2662158"    
 30#"Akola District Consumer            Disputes Redressal Commission"#"Collector Office Compound, Akola - 444002"#"0724-2438281"    
 31#"Washim District Consumer Disputes Redressal Commission"#"Old Building of Civil Court, Behind Tehsil Office, Civil Lines, Washim"#"07252-235545"    
 32#"Buldhana District Consumer Disputes Redressal Commission"#"Govt. Admn. Bldg. Compound Opp. S. T. Bus Stand, Buldhana – 443001"#"07262 – 243045"    
 33#"Yavatmal District Consumer Disputes Redressal Commission"#"Grahak Nyay Bhavan, Near Admn. Building, Yavatmal-445001"#"07232 – 243015"    
 34#"Nagpur District Consumer Disputes Redressal Commission"#"New Admn. Bldg. 5th Floor, Civil Lines, Nagpur – 440001"#"0712 – 2548522"    
 35#"Nagpur Additional District Consumer Disputes Redressal Commission"#"New Admn. Bldg. 3rd Floor, Civil Lines, Nagpur-400001   "#"0712 – 2546884"    
 36#"Wardha District Consumer Disputes Redressal Commission"#"Sewagram Road, Near Yeshwant College, Wardha – 442001"#"07152 – 243550"    
 37#"Bhandara District Consumer Disputes Redressal Commission"#"Before Akhil Sabhagriha,Ganeshpur, Bhandara – 441904"#"07184 – 254467"    
 38#"Gondia District Consumer Disputes Redressal Commission"#"Collector Admn. Building RoomNo.214, Gondia"#"07182 – 232250"    
 39#"Chandrapur District Consumer Disputes Redressal Commission"#"Grahak Nyay Bhavan, Near Bachat Saphlya Bhavan, Collector Office Compound, Chandrapur – 442401"#"07172 – 251010"    
 40#"Gadchiroli District Consumer Disputes Redressal Commission"#"M.I.D.C. Road, Navegaon T-Point, Gadchiroli – 442605"#"07132 – 222735"     
 "Manipur"    
 1#"Imphal District Consumer Disputes Redressal Commission"#"Imphal, Sangaiprou-795003   "#"--"    
 2#"Bishnupur District Consumer Disputes Redressal Commission"#"Bishnupur – 795126   "#"--"    
 3#"Thoubal District Consumer Disputes Redressal Commission"#"Thoubal– 795138"#"--"   
"Meghalaya"
 1#"Williamnagar District Disputes Redressal Commission"#"Williamnagar,  East Garo Hills District Pin – 794111"#"03658-220245           "    
 2#"Shillong District Consumer Disputes Redressal Commission"#"Shillong, East Khasi  Hills - 793001"#"0364-2224003"    
 3#"Jowai District Consumer            Disputes Redressal Commission"#"West Jaintia Hills District  Pin – 793150"#"03652-220721   "    
 4#"Nongpoh District Consumer Disputes Redressal Commission"#"Ri-Bhoi District Pin – 793102   "#"03638-232221"    
 5#"Baghmara District Consumer  Disputes Redressal Commission"#"South Garo Hills District Pin – 794102   "#"03639-222104   "    
 6#"Tura District Consumer Disputes Redressal Commission"#"West Garo Hills District  Pin – 749001"#"03651-223835    "    
 7#"Nongstoin District Consumer Disputes Redressal Commission"#"West Khasi Hills  Pin – 793119"#"03654-280221    "     
 "Mizoram"    
 1#"Aizawl District Consumer Disputes Redressal Commission"#"Tuikhuahtlang, Aizawl, Mizoram – 796001"#"0389-2327756"    
 2#"Mamit District Consumer Disputes Redressal Commission"#"Mamit District, Vengthar,            Mamit – 796441"#"--"    
 3#"Champhai District Consumer Disputes Redressal Commission"#"C/o District Court Champhai, IIDC Zote, Pin-796321"#"--"    
 4#"Kolasib District Consumer Disputes Redressal Commission"#"C/o District Court, Venglai,  Kolasib – 796081   "#"0389-220001"    
 5#"Serchhip District Consumer Disputes Redressal Commission      "#"Near D.C.Office, IOC, Near Serchhip, Mizoram – 796181"#"0389-2311456"    
 6#"Lunglei District Consumer           Disputes Redressal Commission"#"c/o Office of the District & Sessions Judge, Lunglei District, Venglai Lunglei, Near DC Office, Pin – 796701"#"0372-2324021"    
 7#"Saiha District Consumer            Disputes Redressal Commission"#"DC Complex, Saiha,  Mizoram – 796901"#"0389-222665"    
 8#"Lawngtlai District Consumer Disputes Redressal Commission"#"c/o District Court, DC Complex,  Lawngtlai District, Mizoram – 796891"#"--"     
 "Nagaland"    
 1#"Dimapur District Consumer Disputes Redressal Commission"#"District & Sessions Court, Dimapur – 797112"#"--"    
 2#"Kohima District Consumer Disputes Redressal Commission"#"Opposite DC Office Compound, Kohima – 797001"#"--"    
 3#"Phek District Consumer Disputes Redressal Commission"#"Phek - 797108"#"--"    
 4#"Mokokchung District Consumer Disputes Redressal Commission"#"DC Office Complex, Sangtemla  Ward, Mokokchung – 798601   "#"--"    
 5#"Wokha District Consumer Disputes Redressal Commission"#"Wokha – 797111"#"--"    
 6#"Mon District Consumer Disputes Redressal Commission"#"District & Sessions Judge Court,  Mon – 798621"#"--"    
 7#"Tuensang District Consumer Disputes Redressal Commission"#"Officer Ward, Tuensang – 798612   "#     
 8#"Zunheboto District Consumer  Disputes Redressal Commission"#"Zunheboto-798620"#"--"     
 "Odisha"    
 1#"Angul District Consumer Disputes Redressal Commission"#"Near Gopabandhu Park, Angul,  District Angul"#"06764-231454"    
 2#"Balasore District Consumer Disputes Redressal Commission   "#"Balasore at Kachery Hata, Near Collectorate, District Balasore-756001"#"06782-263910"    
 3#"Bargarh District Consumer Disputes Redressal Commission"#"Bargarh back side of Civil Court, Court Premises District Bargarh – 768026"#"06646-231532"    
 4#"Bhadrak District Consumer Disputes Redressal Commission"#"Bhadrak at Kacheri Bazar,  District Bhadrak – 756100"#"06784-251910"    
 5#"Bolangir District Consumer Disputes Redressal Commission"#"Bolangir Women College Chowk, Near Panchayat Office, Distt. Bolangir – 767001"#"06652-233388"    
 6#"Boudh District Consumer Disputes Redressal Commission"#"Boudh, Near Circuit House,  District Boudh – 762014"#"06841-222419"    
 7#"Cuttack District Consumer Disputes Redressal Commission"#"Cuttack, at Sector CDA, Near Satichoura Chhak, PO Bidanasi,  District Cuttack – 753014"#"0671-2606339"    
 8#"Deogarh District Consumer Disputes Redressal Commission"#"Deogarh, Near Collectorate,  Plot No.231/1337,  Distt. Deogarh"#"06641-226879"    
 9#"Dhenkanal District Consumer Disputes Redressal Commission"#"Dhenkanal, Near Civil Court, Place Road, Durga Bazar, District Dhenkanal – 759122"#"06762-224279"    
 10#"Gajapati District Consumer Disputes Redressal Commission   "#"Gajapati, at RTO Office Road In front of Civil Supplies Office PO Paralakhemundi, District – Gajapati – 761200"#"06815-223366"    
 11#"Ganjam District Consumer Disputes Redressal Commission"#"Ganjam at Berhampur,  Nehru Nagar-9, PO Gosani  Nuagaon – 760003"#"0680-2200860"    
 12#"Jagat Singhpur District Consumer Disputes Redressal Commission"#"Jagat Singhpur – 754103      "#"06724-220107"    
 13#"Jajpur District Consumer Disputes Redressal Commission"#"Behind Gautam Budha Sanskruti Bhawan, Jajpur – 755081"#"06728-223498"    
 14#"Jharsuguda District Consumer Disputes Redressal Commission"#"Near Collectorate, PO OMP Line,  District Jharsuguda - 768204"#"06654-270699"    
 15#"Kalahandi District Consumer Disputes Redressal Commission"#"Kalahandi at Bhawanipatna  TV Center Pada, PO Natiguda  District Kalahandi – 766001"#"06670-231470"    
 16#"Kendrapara District Consumer Disputes Redressal Commission"#"Kendrapara, Near Civil Court  District Kenrapara"#"06727-232030"    
 17#"Keonjhar District Consumer Disputes Redressal Commission"#"Keonjhar, Collectorate Campus  District Keonjhar -758001"#"06766-253390"    
 18#"Khurda District Consumer Disputes Redressal Commission"#"Khurda at Bhubaneswar  At backside of Khandagiri Police Station Near Khandagiri Chhak, District Khurda – 751030"#"0674-2350122"    
 19#"Koraput District Consumer Disputes Redressal Commission"#"Koraput at Jeypore  District Koraput – 764004"#"06852-251792"    
 20#"Malkangiri District Consumer Disputes Redressal Commission"#"Malkangiri Old SBI Building  Distt. Malkangiri – 764045"#"06861-231290"    
 21#"Mayurbhanj District Consumer Disputes Redressal Commission      "#"Mayurbhanj, Near Tehsil Office  PO Baripada, Distt. Mayurbhanj  Pin – 757001   "#"06792-257574"    
 22#"Nabarangpur District Consumer            Disputes Redressal Commission"#"Nabarangpur, Near Mission  Shakti Hall,  District Nabarangpur-764059"#"06858-222780"    
 23#"Nayagarh District Consumer  Disputes Redressal Commission"#"Nayagarh, Khandapada Road  Nayagarh – 752069"#"06753-252913"    
 24#"Nuapada District Consumer Disputes Redressal Commission"#"Nuapada Old Judicial Building,  District Nuapada – 766105"#"06678-225330"    
 25#"PhulbaniDistrict Consumer Disputes Redressal Commission"#"Phulbani,  Distt. Kandhamal-762001"#"06842-254363"    
 26#"Puri District Consumer Disputes Redressal Commission"#"Puri, Near Puri Women  College, Puri – 752002"#"06752-224781"    
 27#"Rayagada District Consumer  Disputes Redressal Commission"#"Kasturi Lane,  District Rayagada – 765001"#"06855-223025"    
 28#"Sambalpur District Consumer  Disputes Redressal Commission"#"Near Main Branch of SBI,  Distt. Sambalpur – 768001"#"0663-2410037"    
 29#"Sonepur District Consumer  Disputes Redressal Commission"#"In front of CSO Office,  Distt. Sonepur – 767017"#"06654-220401"    
 30#"Sundargarh-I District Consumer Disputes Redressal Commission"#"PO Mahesidhi, Near LIC Office,  Distt. Sundargarh – 770001   "#"06722-273234"    
 31#"Sundargarh-II District Consumer Disputes Redressal Commission"#"Rourkela, PO Udit Nagar,  Rourkela,  District Sundargarh"#"06661-2500048"     
 "Puducherry"    
 1#"Puducherry District Consumer Disputes Redressal Commission"#"No.3, D.P. Thottam, T.V. Nagar, Muthialpet, Puducherry-605003"#"--"     
 "Punjab"    
 1#"Amritsar District Consumer  Disputes Redressal Commission"#"SCO No.100, B-Block, Ranjit Avenue, Amritsar – 143001"#"0183-2504499"    
 2#"Bhathinda District Consumer Disputes Redressal Commission"#"Judicial Court Complex, Block-C,  Court No.19, Bhathinda-151001"#"0164-2215855"    
 3#"Barnala District Consumer Disputes Redressal Commission"#"Judicial Court Complex, Court No.11, 3rd Floor, Barnala-148101"#"01679-244055"    
 4#"Fatehgarh Sahib District Consumer Disputes Redressal  Commission"#"Ground Floor, Red Building, Old Court Complex, Near District Bar  Complex Office, Fatehgarh  Sahib – 140407"#"01763-233952"    
 5#"Ferozpur District Consumer  Disputes Redressal Commission"#"Room No.B-119-22, B-Block, 1st Floor, District Administrative  Complex, Ferozpur"#"01632-243303"    
 6#"Fridkot District Consumer  Disputes Redressal Commission"#"Court No.10 Judicial Courts Complex, Fridkot-151203"#"01639-253552"    
 7#"Gurdaspur District Consumer Disputes Redressal Commission"#"328-330, 2nd Floor & Room No.518-519 on 4th Floor, District Administrative Complex, Block-B, Gurdaspur-143521"#"01874-245345"    
 8#"Hoshiarpur District Consumer Disputes Redressal Commission"#"Room No.323, 3rd Floor District Administrative Complex, Chandigarh Road, Hoshiarpur-146001   "#"01882-221522"    
 9#"Jalandhar District Consumer Disputes Redressal Commission"#"Room No.217-220, 2nd Floor, District Administrative Complex, Ladowali Road, Jalandhar-14401   "#"0181-2222360           "    
 10#"Kapurthala District Consumer Disputes Redressal Commission"#"New Judicial Courts Complex, 5th Floor, Kartapur Road, Kapurthala – 144601"#"01822-297215"    
 11#"Ludhiana District Consumer Disputes Redressal Commission"#"Room No.7, Old Wing, New Judicial Complex, Near Feroze Gandhi Market Ferozepur Road,  Ludhiana – 141002"#"0161-2433277"    
 12#"Moga District Consumer  Disputes Redressal Commission"#"Moga New Administrative Complex, 2nd Floor, Room No.B-209 to B 214 Bias Block District Moga – 142001"#"01636-235400"    
 13#"Mansa District Consumer Disputes Redressal Commission"#"Mansa Tehsil Complex, New Court Road, Mansa – 151505"#"01652-228649"    
 14#"Sri Muktsar Sahib District Consumer Disputes Redressal  Commission"#"Judicial Court Complex, Block C-D, 2nd Floor, Sri Muktsar Sahib – 152026"#"01633-260129"    
 15#"Nawanshahar District  Consumer Disputes Redressal  Commission"#"1st Floor, Building of  Civil Surgeon Office, Mota Singh Nagar, SBS Nagar – 144514"#"01823-222681"    
 16#"Patiala District Consumer Disputes Redressal Commission"#"Old CMO Building, Patiala-147001   "#"0175-2305407"    
 17#"Ropar District Consumer Disputes Redressal Commission"#"2nd Floor, Bachat Bhawan,  Ropar – 140001"#"01881-220295"    
 18#"Sangrur District Consumer Disputes Redressal Commission"#"Room No.408, 3rd Floor, Judicial Court Complex, Sangrur – 148001"#"01672-231432"    
 19#"S.A.S. Nagar Mohali District Consumer Disputes Redressal Commission"#"SCF No.72, Phase-2, 1st& 2nd Floor,  S.A.S. Nagar (Mohali) – 160055"#"0172-2267272"    
 20#"Tarn Taran District Consumer Disputes Redressal Commission         "#"205, 206, 208, 209 2nd Floor, Administrative Complex, D.C. Office,  Tarn Taran -143401   "#"01882-223398"   
 "Rajasthan"    
 1#"Ajmer District Consumer Disputes Redressal Commission"#"Collectorate Premises,  Ajmer – 305001"#"0145-2425228"    
 2#"Alwar District Consumer Disputes Redressal Commission"#"Collectorate Premises,  Alwar – 301001"#"0144-2337627"    
 3#"Banswara District Consumer Disputes Redressal Commission"#"D.J., Collectorate Premises, Banswara – 327001"#"02982-221519"    
 4#"Baran District Consumer Disputes Redressal Commission"#"Collectorate Premises,  Baran – 325205"#"02962-240160"    
 5#"Barmer District Consumer Disputes Redressal Commission"#"Collectorate Premises,  Barmer – 344001"#"07453-237107"    
 6#"Bharatpur District Consumer Disputes Redressal Commission"#"Collectorate Premises,  Bharatpur – 321001"#"05644-225090"    
 7#"Bhilwara District Consumer Disputes Redressal Commission"#"2nd Floor, Collectorate Premises,  Bhilwara – 311001"#"01482-222833"    
 8#"Bikaner District Consumer Disputes Redressal Commission"#"Collectorate Premises,  Bikaner – 334001   "#"0151-2523346"    
 9#"Bundi District Consumer Disputes Redressal Commission"#"Collectorate Premises,  Bundi – 323001"#"0747-2442464"    
 10#"Chittorgarh District Consumer Disputes Redressal Commission"#"Collectorate Premises,  Chittorgarh – 312001"#"01472-241710"    
 11#"Churu District Consumer Disputes Redressal Commission"#"Collectorate Premises,  Churu"#"01562-251394"    
 12#"Dausa District Consumer Disputes Redressal Commission"#"Collectorate Premises,  Dausa – 303303"#"01427-223217           "    
 13#"Dholpur District Consumer Disputes Redressal Commission"#"Collectorate Premises,  Dholpur – 328001"#"05642-221382"    
 14#"Dungarpur District Consumer Disputes Redressal Commission"#"Collectorate Premises,  Dungarpur – 314001"#"02964-232171"    
 15#"Shri Ganganagar District Consumer Disputes Redressal Commission"#"Old Hospital Premises,  Shri Ganganagar– 335001"#"0154-2444416"    
 16#"Hanumangarh District Disputes Redressal Commission"#"GPF Office Grieph Road,  Hanumangarh – 335512"#"01552-261140"    
 17#"Jaipur-I District Consumer Disputes Redressal Commission"#"Court Premises, CBI Court Buiiding, Banipark, Jaipur 1st 302006"#"0141-2200138"    
 18#"Jaipur-II District Consumer Disputes Redressal Commission"#"Mini Secretariat, Banipark  Jaipur – II – 302006"#"0141-2202872"    
 19#"Jaipur-III District Consumer Disputes Redressal Commission"#"Mini Secretariat, Banipark  Jaipur – III – 302006"#"0141-2209704"    
 20#"Jaipur-IV District Consumer Disputes Redressal Commission"#"Rajiv Gandhi Parisar, Ashok Marg, C Scheme, Jaipur – IV"#"0141-2379427"    
 21#"Jaisalmer District Consumer Disputes Redressal Commission"#"Near Geeta Ashram,  Jaisalmer -345001"#"02992-250012"    
 22#"Jalore District Consumer Disputes Redressal Commission"#"Collectorate Premises  Jalore – 343301"#"02973-223241"    
 23#"Jhalawar District Consumer Disputes Redressal Commission"#"Collectorate Premises,  Jhalawar – 326001"#"07432-230661"    
 24#"Jhunjhunu District Consumer Disputes Redressal Commission"#"Collectorate Premises,  Jhunjhunu – 303001"#"01592-232982"    
 25#"Jodhpur-I District Consumer Disputes Redressal Commission"#"High Court Premises  Jodhpur-I – 342001"#"0291-2545502"    
 26#"Jodhpur-II District Consumer Disputes Redressal Commission"#"High Court Premises  Jodhpur-II – 342001"#"0291-2540077"    
 27#"Karauli District Consumer Disputes Redressal Commission"#"Court Premises, Karauli   "#"07464-250084"    
 28#"Kota District Consumer Disputes Redressal Commission"#"Collectorate Premises,  Kota – 342001"#"0744-2329200"    
 29#"Nagaur District Consumer Disputes Redressal Commission"#"Collectorate Premises,  Nagaur – 334101"#"01582-242421"    
 30#"Pali District Consumer Disputes Redressal Commission"#"Collectorate Premises,  Pali – 306401"#"02932-222361"    
 31#"Partapgarh District Consumer Disputes Redressal Commission"#"Partapgarh   "#"01478-220184"    
 32#"Rajsamand District Consumer Disputes Redressal Commission"#"Collectorate Premises,  Rajsamand – 313326"#"02952-221726"    
 33#"Sawai Madhopur District Consumer Disputes Redressal Commission           "#"Collectorate Premises,  Sawai Madhopur"#"07462-220592"    
 34#"Sikar District Consumer Disputes Redressal Commission"#"Shiv Singhpura, Navalgarh  Road, Sikar – 333201   "#"01572-249637"    
 35#"Sirohi District Consumer Disputes Redressal Commission   "#"Swaroop Vilas,  Sirohi – 307001"#"02972-220652"    
 36#"Tonk District Consumer Disputes Redressal Commission"#"Court Premises, Tonk-304001"#"01432-246550"    
 37#"Udaipur District Consumer Disputes Redressal Commission"#"District & Sessions Judge,  Udaipur-313001"#"0294-2411743"     
 "Sikkim"    
 1#"East Sikkim District Consumer Disputes Redressal Commission"#"East District, Near Sichey Power Substation, Gangtok, East Sikkim"#"03592-201168"    
 2#"West Sikkim District Consumer Disputes Redressal Commission"#"West District, Tikjuk Gyalshing,  West Sikkim"#"03592-250189           "    
 3#"North Sikkim District Consumer Disputes Redressal Commission"#"North District, Near Food  Godown, Mangan,  North Sikkim"#"03592-234501"    
 4#"South Sikkim District Consumer Disputes Redressal Commission"#"South District, Near  Food Godown,  Namchi, South Sikkim"#"03592-264356"     
 "Tamil Nadu"    
 1#"Kanchipuram@ Chengalpattu District Consumer Disputes Redressal Commission"#"GST Road, Sub-Collectorate Compound, Melamaiyur Village, Chengalpattu, Kancheepuram District - 603001"#"044-27428832"    
 2#"Chennai (North) District Consumer Disputes Redressal Commission"#"Frazer Bridge Road, VOC Nagar, Park Town, Chennai – 600003   "#"044-25340065"    
 3#"Chennai (South) District Consumer Disputes Redressal Commission"#"Frazer Bridge Road, VOC Nagar, Park Town, Chennai – 600003"#"044-25340083"    
 4#"Coimbatore District Consumer Disputes Redressal Commission"#"Collectorate Campus,  Coimbatore – 641018"#"0422-2300152"    
 5#"Cuddalore District Consumer Disputes Redressal Commission"#"No.34, Pudupalayam Main Road, Cuddalore – 607002"#"04146-226742"    
 6#"Dindigul District Consumer Disputes Redressal Commission"#"No.1, Anna Nagar Street, Near MSP School, Dindigul – 624005"#"0451-2433055"    
 7#"Erode District Consumer Disputes Redressal Commission"#"Panneer Selvam Park, Cutcherry Street, J. M. Court No.III Campus,  Erode - 638001"#"0424-2250022"    
 8#"Karur District Consumer Disputes Redressal Commission"#"Municipal Building, 1st Floor,  Azad Road, Karur – 639001"#"04324-260193"    
 9#"Krishnagiri (Dharmapuri) District Consumer Disputes Redressal Commission"#"Rayakottai Road, Combined Court  Buildings, Krishnagiri – 635002   "#"04343-225223"    
 10#"Madurai District Consumer Disputes Redressal Commission   "#"District Court Campus,  Madurai – 625001"#"0452-2533304"    
 11#"Nagapattinam District Consumer Disputes Redressal Commission"#"No.543, Public Office Road, Vellipalayam,Nagapattinum – 611001"#"04365-247668"    
 12#"Nagercoil (Kanyakumari) District Consumer Disputes Redressal Commission     "#"No.57/1, W.C.C. Road, Nagercoil – 629001   "#"04652-229683"    
 13#"Namakkal District Consumer Disputes Redressal Commission"#"Behind District Court, Thiruchengodu Main Road, Namakkal – 637001"#"04286-280719"    
 14#"Perambalur District Consumer Disputes           Redressal Commission"#"345, Lakshmi Illam, Rover Nagar, Ellambalur Road, Perambalur – 621212"#"04328-276700"    
 15#"Salem District Consumer Disputes Redressal Commission"#"District Court Campus, Yercaud Main Road, Hasthampatti,  Salem – 636007"#"0427-2413279"    
 16#"Sivagangai District Consumer Disputes Redressal Commission"#"Door No.7, Thiruppathur Road, Sivagangai – 630561"#"04575-241591"    
 17#"Ramanathapuram (Combined With Sivagangai DCDRF) District Consumer Disputes Redressal Commission"#"District Collector Employee’s Canteen Complex, 1st Floor, Ramanathapuram – 623501   "#"04575-241591"    
 18#"Virudhunagar @ Srivilliputhur District Consumer Disputes Redressal Commission"#"District Court Complex, Srivilliputhur – 626125 Virdhunagar District   "#"04563-260380"    
 19#"Thanjavur District Consumer Disputes Redressal Commission"#"Panagal Building Premises, Opposite to Jupiter Theatre, Thanjavur – 613001"#"04362-272507"    
 20#"Pudukkottai (Combined with Thanjavur DCDRF) District Consumer Disputes Redressal Commission"#"Court Campus, I Phase, Combined Court Buildings, Pudukkottai – 622001"#"04322-220190    "    
 21#"The Nilgiris District Consumer Disputes Redressal Commission"#"N.C.M.s. Campus, Udhagamandalam – 643001"#"0423-2451500"    
 22#"Theni District Consumer Disputes Redressal Commission"#"1st Floor, Combined Court Building Lakshmipuram, Periakulam Road, Theni – 625523"#"04546-269801"    
 23#"Tiruvallur District Consumer Disputes Redressal Commission"#"52, Kumara Koil Street,  Tiruvarur – 610001"#"04366-224353"    
 24#"Tiruchirapalli District Consumer Disputes Redressal Commission"#"402/1, Heber Road,District Court Buildings,  Cantonment, Tiruchirapalli- 622001"#"0431-2461481"    
 25#"Tirunelveli District Consumer Disputes Redressal Commission"#"Combined Court Buildings,  Tirunelveli - 627011"#"0462-2541134"    
 26#"Tuticorin District Consumer Disputes Redressal Commission"#"Near F.T.C. No.1 & 2, Combined Court Buildings Tuticorin – 628003"#"0461-2334550"    
 27#"Vellore District Consumer           Disputes Redressal Commission      "#"District Court Campus, Sathuvachari, Vellore – 632009"#"0416-2254780           "    
 28#"Thiruvannamalai District Consumer Disputes Redressal Commission"#"Near District Rural Development Office, Collectorate Campus, Vengikkal Village, Thiruvannamalai – 606604"#"04175-232395"    
 29#"Ariyalur District Consumer Disputes Redressal Commission"#"No.1/281C, Krishna Bhawan, KPN Nagar, Walaja Nagaram, Ariyalur – 621704"#"04329-228500"    
 30#"Tiruppur District Consumer Disputes Redressal Commission"#"No.28, Sengunthapuram, 1st Street, Mangalam Road, Karuvampalayam, Tiruppur – 641604"#"0421-2243700"     
 "Telangana"   
 1#"Adilabad District Consumer Disputes Redressal Commission"#"District Court Premises, Adilabad – 504001   "#"08732-225078"    
 2#"Nampally District Consumer Commission-I"#"9th Floor, Chandra Vihar            Complex, M.J. Road, Nampally, Hyderabad-500001"#"040-24733368"    
 3#"Nampally District Consumer Commission-II"#"9th Floor, Chandra Vihar            Complex, M.J. Road, Nampally, Hyderabad-500001"#"040-24747733"    
 4#"Nampally District Consumer Commission-III"#"5th Floor, Chandra Vihar            Complex, M.J. Road, Nampally, Hyderabad-500001"#"040-24746001"    
 5#"Karimnagar District Consumer Commission"#"District Court Complex,  Karimnagar – 505001"#"0878-2232577"    
 6#"Khamman District Consumer Commission"#"Varadaiah Nagar, Khammam – 507002"#"08742-254347"    
 7#"Mahabubnagar District Consumer Commission"#"Collectorate Compound              Mahabubnagar-509001"#"08542-245633"    
 8#"Sanga Reddy  District Consumer Commission"#"Old Collectorate Premises, Opp : Municipality, Sanga Reddy – 502001"#"08455-275355"    
 9#"Nalgonda District Consumer Commission"#"District Court Complex,  Nalgonda – 508001"#"08682-232979"    
 10#"Nizamabad District Consumer Commission"#"Zilla Parishad Premises              Nizamabad-503001"#"08462-233275"    
 11#"Ranga Reddy  District Consumer Commission"#"NTR Nagar, L.B. Nagar,  Ranga Reddy – 500074"#"040-24031275"    
 12#"Waranagal District Consumer Commission"#"H. No.2-5-423, backside of Adlath Subedari, Hanmakonda,  Waranagal - 506001"#"0870-2567995     "     
 "Tripura"    
 1#"West District Consumer Disputes Redressal Commission"#"Khadyo-o-Bhokta Bhaban             P. N. Complex, Gurkhabasti,  Agartala, Tripura West-799006"#"0381-2304142  "    
 2#"South District Consumer Disputes Redressal Commission"#"Office of the President, District Consumer Disputes Redressal Commission, South Tripura Judicial Court"#"03821-223564"    
 3#"North Tripura District Consumer Disputes Redressal Commission             "#"Office of the District & Sessions Judge, Unakoti Kailasahar"#"03824-222307  "    
 4#"Dhalai District Consumer Disputes Redressal Commission"#"Office of the Sub Divisional           Magistrate, Kamalpur"#"03826-262227  "     
 "Uttar Pradesh"    
 1#"Agra-I District Consumer  Disputes Redressal Commission"#"Civil Court Complex,                   Agra-282002"#"0562-2526477"    
 2#"Agra-II District Consumer Disputes Redressal Commission   "#"Room No.29, Collectorate  Complex, Agra-282003"#"0562-2263021  "    
 3#"Firozabad District Consumer  Disputes Redressal Commission"#"Behind Distt. Panchayat Bhawan,  Civil Line, Distt, Firozabad-283203"#"05612-285075"    
 4#"Haathras District Consumer Disputes Redressal Commission"#"New Collectorate Complex,  Mathura Rd. Haathras-204101"#"05722-227078  "    
 5#"Aligarh District Consumer Disputes Redressal Commission"#"Tehsil Kol Complex,       Aligarh – 202001"#"0571-2511960  "    
 6#"Etha District Consumer Disputes Redressal Commission"#"Collectorate Complex,                Etha-207001"#"05742-230399  "    
 7#"Mathura District Consumer Disputes Redressal Commission"#"Collectorate Complex,    Mathura – 281001"#"0565-2470495  "    
 8#"Mainpuri District Consumer  Disputes Redressal Commission"#"Civil Court Complex,       Mainpuri – 205001"#"05672-235460"    
 9#"Prayagraj District Consumer Disputes Redressal Commission"#"Court Road, Prayagraj-211002   "#"0532-2548598  "    
 10#"Fatehpur District Consumer Disputes Redressal Commission"#"Collectorate Complex,    Fatehpur-212601"#"05180-223620  "    
 11#"Pratapgarh District Consumer Disputes Redressal Commission"#"Near Pureshwarnath Primary  School,Pratapgarh-230001"#"05342-223303  "    
 12#"Koshambi District Consumer Disputes Redressal Commission"#"Samda Nahar Road, Near  Kashi Ram Awas Yojna,  Manjhanpur, Koshambi – 212207"#"05331-232815"    
 13#"Ajamgarh District Consumer  Disputes Redressal Commission"#"Civil Court Campus,        Ajamgarh – 276001"#"05462-227097"    
 14#"Mau District Consumer  Disputes Redressal Commission"#"Collectorate Complex, Opp. Vikas Bhawan, Mau-275101"#"0547-2224225  "    
 15#"Balia District Consumer Disputes Redressal Commission"#"Collectorate Complex,    Balia-277001"#"05498-222172  "    
 16#"Bareilly-I District Consumer Disputes Redressal Commission"#"Civil Line, Jail Road,  Near Courts, Bareilly-243001"#"0581-2429497  "    
 17#"Bareilly-II District Consumer Disputes Redressal Commission"#"Civil Line Court, Jail Road,  Bareilly-243001"#"0581-2511357  "    
 18#"Badaun District Consumer Disputes Redressal Commission"#"Collectorate Complex,  Badaun-243601"#"05832-266053"    
 19#"Shahjhanpur District Consumer Disputes Redressal Commission"#"Collectorate Complex, Near Gurudwara, Courts  Shahjhanpur-242001"#"05842-280433  "    
 20#"Pilibhit District Consumer Disputes Redressal Commission"#"Collectorate Complex,  Opp. Vikas Bhawan, Jail Road,  Pilibhit-262001"#"05882-256438  "    
 21#"Basti District Consumer Disputes Redressal Commission"#"Collectorate Complex,  Near Post Office, Basti-272001"#"05542-245917"    
 22#"Siddhrath Nagar District Disputes Redressal Commission"#"Room No.112, 1st Floor,  Vikas Bhawan,  Siddhrath Nagar-272207"#"0544-222528"    
 23#"Banda District Consumer Disputes Redressal Commission"#"Collectorate Complex,  Near SBI Bank, Banda-210001"#"05192-221210  "    
 24#"Hamirpur District Consumer Disputes Redressal Commission "#"In Front of Sri Vidya Mandir  Inter College, Rameri Hamirpur,  District Hamirpur – 210301"#"05282-223457  "    
 25#"Mahoba District Consumer Disputes Redressal Commission"#"New Collectorate Bhawan,  Mahoba-210427"#"05281-253018  "    
 26#"Chitrakoot District Consumer Disputes Redressal Commission "#"Court Complex, Chitrakoot - 210205"#"05198-236757"    
 27#"Ayodhya District Consumer Disputes Redressal Commission"#"Near Registry Office, Collectorate Complex Court, Ayodhya-224001"#"05278-225970"    
 28#"Barabanki District Consumer Disputes Redressal Commission"#"Collectorate Complex,  Civil Lines, Barabanki-225001"#"05248-227088  "    
 29#"Sultanpur District Consumer Disputes Redressal Commission"#"Tehsil Complex,  Sultanpur – 228001"#"05362-227534  "    
 30#"Ambedkarnagar District Consumer Disputes Redressal Commission"#"Baskhari Road Akbarpur, Ambedkarnagar Pin-224122"#"05271-246907  "    
 31#"Gorakhpur District Consumer Disputes Redressal Commission"#"Hariom Nagar, Civil Lines,  Gorakhpur – 273001"#"0551-2200791  "    
 32#"Maharajganj District Consumer Disputes Redressal Commission"#"Distt. Headquarter Complex  Opp. Civil Court,  Maharajganj-273303"#"05523-223927  "    
 33#"Deveria District Consumer Disputes Redressal Commission"#"Collectorate Complex,  Deveria-274001"#"05568-222504  "    
 34#"Padrauna/Kushinagar District Consumer Disputes Redressal Commission"#"Collectorate Complex, Ravinder Nagar, Dhoos Padrauna, District Kushinagar"#"05564-240062"    
 35#"Jhansi District Consumer Disputes Redressal Commission"#"Near Commissioner Office,  BKD Road Civil Line, Jhansi-284001"#"0510-2449293  "    
 36#"Lalitpur District Consumer Disputes Redressal Commission"#"Court Complex,  Lalitpur-284403"#"05176-273800  "    
 37#"Jallon District Consumer Disputes Redressal Commission"#"Collectorate Complex, Near Treasury, Urai, Jallon-285001"#"05162-252402  "    
 38#"Kanpur Urban District Consumer Disputes Redressal Commission"#"Civil Line Near Treasury, Kanpur City-208001   "#"0512-2330466  "    
 39#"Kanpur Rural District Consumer Disputes Redressal Commission   "#"behind  Office of Superintendent of Police  Mati Headquarter,  Kanpur Rural - 209101   "#"05111-270149"    
 40#"Itawa District Consumer Disputes Redressal Commission"#"Collectorate Complex,  Itawa - 206001"#"05688-256537  "    
 41#"Farrukhabad District Consumer Disputes Redressal Commission"#"Collectorate Complex,  Fatehgarh,  Farrukhabad – 209601"#"05692-235408  "    
 42#"Lucknow-I District Consumer Disputes Redressal Commission   "#"Malhor Station Road,  R.K. Puram,  Chinhat, Lucknow-227105"#"0522-2815990  "    
 43#"Lucknow-II District Consumer Disputes Redressal Commission"#"Malhor Station Road, R.K. Puram,  Chinhat, Lucknow-227105"#"0522-2815879  "    
 44#"Hardoi District Consumer Disputes Redressal Commission"#"Collectorate Complex,  Hardoi-241001"#"05852-232776  "    
 45#"Unnao District Consumer Disputes Redressal Commission"#"Room No.43, Collectorate Complex,  Unnao-209801"#"0515-282780"    
 46#"Rai Bareilly District          Consumer Disputes  Redressal Commission"#"Collectorate Complex,  Rai Bareilly-229001"#"0535-2702454"    
 47#"Lakhimpur Khiri District Consumer Disputes Redressal Commission"#"Collectorate Complex,  Near SP Office,  Lakhimpur Khiri – 262701"#"05872-255614  "    
 48#"Sitapur District  Consumer Disputes Redressal Commission"#"Tehsil Complex Opp. Treasury  Sitapur-261001"#"05862-245579  "    
 49#"Meerut District   Consumer Disputes Redressal Commission"#"Collectorate Complex,  Meerut-25003"#"0121-2662865  "    
 50#"Ghaziabad District Consumer Disputes Redressal Commission"#"Collectorate Complex,  Rajnagar, Ghaziabad-201002   "#"0120-2826770  "    
 51#"Bullandsahar District Consumer Disputes Redressal Commission"#"Collectorate Complex,  Bullandsahar-203001   "#"05732-281682  "    
 52#"Gautambudh Nagar District Consumer Disputes Redressal Commission"#"Surajpur Collectorate Complex,  Greater Noida  Gautambudh Nagar – 201306"#"0120-2353500  "    
 53#"Mirjapur District Consumer Disputes Redressal Commission"#"Sanghmohal,  Mirjapur-231001"#"05442-221127  "    
 54#"Sonbhadar District Consumer Disputes Redressal Commission"#"Lodhi Roberts Ganj P.O. Roberts Ganj, District Sonbhadar-231216"#"05444-223996"    
 55#"Bhadohi (Sant Ravi Dass  Nagar) District Consumer  Disputes Redressal Commission"#"Collector Complex Sarpatha  Head Office Bhadohi  Sant Ravi Dass Nagar – 221304"#"05414-251028  "    
 56#"Muradabad-I District Consumer Disputes Redressal Commission"#"Civil Court Club, Court Complex,  Muradabad – 244001   "#"0591-2425826  "    
 57#"Muradabad-II District Consumer Disputes Redressal Commission"#"Civil Court Club, Court Complex,  Muradabad – 244001   "#"0591-2428660  "    
 58#"Rampur Distirct Consumer Disputes Redressal Commission"#"Collectorate Complex,  Rampur – 244901"#"0595-2353707  "    
 59#"Bijnaur District Consumer Disputes Redressal Commission"#"Collectorate Complex,  Bijnaur – 246701"#"01342-260890  "    
 60#"Amroha District Consumer Disputes Redressal Commission"#"Near Joya Road Collectorate  Amroha Jyotibaphule Nagar  Pin – 244221"#"05922-253066"    
 61#"Muzaffarnagar District Consumer Disputes Redressal Commission"#"Collectorate Complex,  Muzaffarnagar – 251001   "#"0131-2436044  "    
 62#"Gonda District Consumer Consumer Disputes Redressal Commission"#"Near Commissioner Residence,  Lucknow Road, Gonda -271001   "#"05262-232486  "    
 63#"Balrampur District Consumer Disputes Redressal Commission"#"Near Block Development Office,  Civil Line, Balrampur-271201"#"05263-236036  "    
 64#"Bahraich District Consumer Disputes Redressal Commission"#"Collectorate Complex,  Bahraich – 271801"#"05252-238895"    
 65#"Shravasti District Consumer Disputes Redressal Commission"#"Near A.R.T.O. office,  Bhinga Shravasti – 271831"#"05250-222680  "    
 66#"Varanasi District Consumer Disputes Redressal Commission   "#"PCF Plaza Building, 2nd Floor, Room No.3 & 10, Mint House Nadesar  Varanasi-221002"#"0542-2509593  "    
 67#"Jaunpur District Consumer Disputes Redressal Commission"#"Collectorate Complex, Behind Treasury Office, Jaunpur – 222002"#"05452-260467  "    
 68#"Chandoli District Consumer Disputes Redressal Commission"#"Behind Punjab National Bank, Jasoor Road, Chandoli – 232104"#"05412-260260"    
 69#"Gajipur District Consumer  Disputes Redressal Commission"#"Collectorate Complex  Gajipur-233001"#"0548-2222086  "     
 "Uttarakhand"    
 1#"Dehradun District Consumer  Disputes Redressal Commission"#"Rajeev Gandhi Complex, 4th Floor, Dispensary Rd. Dehradun-248001"#"0135-2655565"    
 2#"Haridwar District Consumer Disputes Redressal Commission"#"Near SSP Office, Roshanabad, Haridwar-249403"#"01334-239314"    
 3#"Nainital District Consumer  Disputes Redressal Commission"#"1st Floor, Aapada Prabhandak Bhavan, Collectorate Compound, Tallital, Nainital – 263002"#"05942-237804  "    
 4#"Udhaamsingh Nagar District Consumer Disputes Redressal Commission     "#"Collectorate Campus, Room No.25, Rudrapur, Udhamsingh Nagar – 263153"#"05944-250887  "    
 5#"Uttarkashi District Consumer Disputes Redressal Commission"#"Civil Court Compound,   Uttarkashi-249193   "#"01374-223318  "    
 6#"Almora District Consumer Disputes Redressal Commission"#"Near Holiday Home,                   Almora-263601"#"05962-230388  "    
 7#"Chamoli District Consumer Disputes Redressal Commission"#"Gopeshwar, Chamoli-246401"#"01372-251436  "    
 8#"Pithoragarh District Consumer Disputes Redressal Commission"#"Pithoragarh-262501   "#"05964-223387  "    
 9#"Tehri Garhwal District Consumer Disputes Redressal Commission"#"Near Court Compound,  New Tehri, Tehri Garhwal-249001   "#"01376-233290"    
 10#"Champawat District Consumer Disputes Redressal Commission"#"Court Compound,  Champawat-262523"#"05965-230170  "    
 11#"Pauri Garhwal District Consumer Disputes Redressal Commission"#"Pauri Garhwal-246001"#"01368-221598  "    
 12#"Rudraprayag District Consumer Disputes Redressal Commission"#"Near District Hospital,  Rudraprayag-246471   "#"01364-233284  "    
 13#"Bageshwar District Consumer Disputes Redressal Commission"#"Bageshwar-263642"#"05963-221750  "     
 "West Bengal"    
 1#"North Kolkata District Consumer Disputes Redressal Commission Unit – I"#"8B, Nelie Sengupta Sarani,    4th Floor, Kolkata – 700087   "#"033 - 22522007"    
 2#"Central Kolkata District Consumer Disputes Redressal Commission Unit – II"#"8B, Nelie Sengupta Sarani,      7th Floor, Kolkata – 700087   "#"033 - 22522008"    
 3#"South Kolkata District Consumer Disputes Redressal Commission Unit – III"#"18, Judges Court Road,  Alipore, Kolkata – 700027   "#"033 - 24790197"    
 4#"South 24 Parganas District Consumer Disputes Redressal Commission"#"Amantran Bazar, 3rd Floor,     103/A, Kulpi Road, Kacharimore, Distt. South 24 Parganas,  Kolkata – 700144"#"033 - 24330148"    
 5#"North 24 Parganas District Consumer Disputes Redressal Commission           "#"Maya Bhavan (1st Floor), 2, Barrackpore Road, PO Nabapally, Distt. 24 Pgs. (N),  Barasat – 700126"#"033 - 25241380"    
 6#"Howrah District Consumer Disputes Redressal Commission"#"20 Round Tank  Lane, Howrah – 711101"#"033 - 26380512"    
 7#"Hooghly District Consumer Disputes Redressal Commission"#"Khadya Bhawan, PO Chinsurah,  Hooghly – 712101"#"033 - 26800316"    
 8#"Nadia District Consumer Disputes Redressal Commission"#"Austin Memorial Building,     170, Don Bosco Road,  Krishnanagar, Nadia – 741101"#"03472 – 223354"    
 9#"Purba Bardhaman District Consumer Disputes Redressal Commission"#"GT Road, PO Sripally,    Muchpara, Burdwan – 713103   "#"0342 – 2541939 "    
 10#"Birbhum District Consumer Disputes Redressal Commission"#"House of Abdur Rashid, Masjid More, Chandnipara, Behind Deaf & Dumb School, PO & PS Suri, Distt. Birbhum PIN – 731101"#"03462 – 250299"    
 11#"Murshidabad District Consumer Disputes Redressal Commission"#"4A & 4B Barrack Square (South), PO Berhampur, Distt. Murshidabad – 742101"#"03482 – 277619"    
 12#"Maldah District Consumer Disputes Redressal Commission"#"Satya Chowdhury Indoor Stadium, D.S.A. Complex, 1st Floor, PO & Distt. Maldah, PIN 732101"#"03512 – 223582"    
 13#"Bankura District Consumer Disputes Redressal Commission"#"Surekha Bhawan, 1st Floor,  Kuchkuchia Road,  PO & Distt. Bankura – 722101"#"03242 – 255792"    
 14#"Purba Medinipur District Consumer Disputes Redressal Commission           "#"Abasbari, Beside District Judges Court,  PO & PS Tamluk, Distt. Purba Medinipur – 721636"#"03228 – 266479"    
 15#"Paschim Medinipur District Consumer Disputes Redressal Commission"#"Distt. Paschim Medinipur  PIN 721101   "#"03222 – 250299"    
 16#"Purulia District Consumer Disputes Redressal Commission"#"J. K. College Road, (Opp. J. K. College), Ketika, PO & Distt.  Purulia – 723101"#"03252 - 226540"    
 17#"Uttar Dinajpur District Consumer Disputes Redressal Commission"#"Super Market Complex, Block – I, 1st Floor, PO Raigunj, Uttar  Dinajpur – 733134"#"03523 – 253815"    
 18#"Dakshin Dinajpur District Consumer Disputes Redressal Commission   "#"Old Sub-Jail, Municipal  Market Complex, 2nd Floor,  PO &PS Balurghat,  Distt. Dakshin Dinajpur-733101"#"03522 – 256716"    
 19#"Coochbehar District Consumer Disputes Redressal Commission"#"Biswa Singha Road (adjacent to  Central Bank), House of Sri  D. K. Dutta, 2nd Floor, B. S. Road,  Coochbehar – 736101"#"03582 – 230696"    
 20#"Siliguri District Consumer  Disputes Redressal Commission"#"Kshudiram Basu Bipanan  Kendra, 2nd Floor, Hill Cart Road,  PO & PS Pradhannagar  Siliguri – 734003"#"0353-461383"    
 21#"Jalpaiguri District Consumer Disputes Redressal Commission"#"Old Court Building,  Near D. M. Office,  PO & Distt. Jalpaiguri– 735101"#"03561 – 222172 "    
 22#"Darjeeling District Consumer Disputes Redressal Commission           "#"24, Mahatab Chand Road,  Chota Kakjhora,  PO & Distt. Darjeeling – 734101"#"0354 – 2257597 "    
 23#"Alipurduar District Consumer  Disputes Redressal Commission"#"Madhav More, New Town, Durgabari Road, Holding No.867/128, Post & Distt. Alipurduar – 736121   "#"03564 – 251472 "    
 24#"Jhargram District Consumer Disputes Redressal Commission "#"Raghunathpur Near Sashan Kali Temple, PO Jhargram, Jhargram Municipality, Ward No.12,  District Jhargram – 721507"#"03221 – 255098"    
 25#"Rajarghat Addl. District Disputes Redressal Commission"#"Rajarghat (New Town), North 24  Parganas, Premises No.38-0775,  2nd Floor, Plot No.AA – IID/31/3,  Action Area – IID of New Town,  Kolkata - 700156"#"03472 – 223354"
